symbol,name,datetime,price
TSLA:NASDAQ,Tesla Inc,2019-01-25,297.040009
TSLA:NASDAQ,Tesla Inc,2019-01-28,296.380005
TSLA:NASDAQ,Tesla Inc,2019-01-29,297.459991
TSLA:NASDAQ,Tesla Inc,2019-01-30,308.769989
TSLA:NASDAQ,Tesla Inc,2019-01-31,307.019989
TSLA:NASDAQ,Tesla Inc,2019-02-01,312.209991
TSLA:NASDAQ,Tesla Inc,2019-02-04,312.890015
TSLA:NASDAQ,Tesla Inc,2019-02-05,321.350006
TSLA:NASDAQ,Tesla Inc,2019-02-06,317.22000099999997
TSLA:NASDAQ,Tesla Inc,2019-02-07,307.51001
TSLA:NASDAQ,Tesla Inc,2019-02-08,305.799988
TSLA:NASDAQ,Tesla Inc,2019-02-11,312.839996
TSLA:NASDAQ,Tesla Inc,2019-02-12,311.809998
TSLA:NASDAQ,Tesla Inc,2019-02-13,308.170013
TSLA:NASDAQ,Tesla Inc,2019-02-14,303.769989
TSLA:NASDAQ,Tesla Inc,2019-02-15,307.880005
TSLA:NASDAQ,Tesla Inc,2019-02-19,305.640015
TSLA:NASDAQ,Tesla Inc,2019-02-20,302.559998
TSLA:NASDAQ,Tesla Inc,2019-02-21,291.230011
TSLA:NASDAQ,Tesla Inc,2019-02-22,294.709991
TSLA:NASDAQ,Tesla Inc,2019-02-25,298.769989
TSLA:NASDAQ,Tesla Inc,2019-02-26,297.859985
TSLA:NASDAQ,Tesla Inc,2019-02-27,314.73999
TSLA:NASDAQ,Tesla Inc,2019-02-28,319.880005
TSLA:NASDAQ,Tesla Inc,2019-03-01,294.790009
TSLA:NASDAQ,Tesla Inc,2019-03-04,285.359985
TSLA:NASDAQ,Tesla Inc,2019-03-05,276.540009
TSLA:NASDAQ,Tesla Inc,2019-03-06,276.23999
TSLA:NASDAQ,Tesla Inc,2019-03-07,276.589996
TSLA:NASDAQ,Tesla Inc,2019-03-08,284.140015
TSLA:NASDAQ,Tesla Inc,2019-03-11,290.920013
TSLA:NASDAQ,Tesla Inc,2019-03-12,283.359985
TSLA:NASDAQ,Tesla Inc,2019-03-13,288.959991
TSLA:NASDAQ,Tesla Inc,2019-03-14,289.959991
TSLA:NASDAQ,Tesla Inc,2019-03-15,275.429993
TSLA:NASDAQ,Tesla Inc,2019-03-18,269.48999
TSLA:NASDAQ,Tesla Inc,2019-03-19,267.47000099999997
TSLA:NASDAQ,Tesla Inc,2019-03-20,273.600006
TSLA:NASDAQ,Tesla Inc,2019-03-21,274.019989
TSLA:NASDAQ,Tesla Inc,2019-03-22,264.52999900000003
TSLA:NASDAQ,Tesla Inc,2019-03-25,260.420013
TSLA:NASDAQ,Tesla Inc,2019-03-26,267.769989
TSLA:NASDAQ,Tesla Inc,2019-03-27,274.829987
TSLA:NASDAQ,Tesla Inc,2019-03-28,278.619995
TSLA:NASDAQ,Tesla Inc,2019-03-29,279.859985
TSLA:NASDAQ,Tesla Inc,2019-04-01,289.179993
TSLA:NASDAQ,Tesla Inc,2019-04-02,285.880005
TSLA:NASDAQ,Tesla Inc,2019-04-03,291.809998
TSLA:NASDAQ,Tesla Inc,2019-04-04,267.77999900000003
TSLA:NASDAQ,Tesla Inc,2019-04-05,274.959991
TSLA:NASDAQ,Tesla Inc,2019-04-08,273.200012
TSLA:NASDAQ,Tesla Inc,2019-04-09,272.309998
TSLA:NASDAQ,Tesla Inc,2019-04-10,276.059998
TSLA:NASDAQ,Tesla Inc,2019-04-11,268.420013
TSLA:NASDAQ,Tesla Inc,2019-04-12,267.700012
TSLA:NASDAQ,Tesla Inc,2019-04-15,266.380005
TSLA:NASDAQ,Tesla Inc,2019-04-16,273.359985
TSLA:NASDAQ,Tesla Inc,2019-04-17,271.230011
TSLA:NASDAQ,Tesla Inc,2019-04-18,273.26001
TSLA:NASDAQ,Tesla Inc,2019-04-22,262.75
TSLA:NASDAQ,Tesla Inc,2019-04-23,263.899994
TSLA:NASDAQ,Tesla Inc,2019-04-24,258.660004
TSLA:NASDAQ,Tesla Inc,2019-04-25,247.63000499999998
TSLA:NASDAQ,Tesla Inc,2019-04-26,235.13999900000002
TSLA:NASDAQ,Tesla Inc,2019-04-29,241.47000099999997
TSLA:NASDAQ,Tesla Inc,2019-04-30,238.690002
TSLA:NASDAQ,Tesla Inc,2019-05-01,234.00999500000003
TSLA:NASDAQ,Tesla Inc,2019-05-02,244.100006
TSLA:NASDAQ,Tesla Inc,2019-05-03,255.02999900000003
TSLA:NASDAQ,Tesla Inc,2019-05-06,255.33999599999999
TSLA:NASDAQ,Tesla Inc,2019-05-07,247.059998
TSLA:NASDAQ,Tesla Inc,2019-05-08,244.83999599999999
TSLA:NASDAQ,Tesla Inc,2019-05-09,241.979996
TSLA:NASDAQ,Tesla Inc,2019-05-10,239.520004
TSLA:NASDAQ,Tesla Inc,2019-05-13,227.00999500000003
TSLA:NASDAQ,Tesla Inc,2019-05-14,232.309998
TSLA:NASDAQ,Tesla Inc,2019-05-15,231.94999700000002
TSLA:NASDAQ,Tesla Inc,2019-05-16,228.330002
TSLA:NASDAQ,Tesla Inc,2019-05-17,211.02999900000003
TSLA:NASDAQ,Tesla Inc,2019-05-20,205.360001
TSLA:NASDAQ,Tesla Inc,2019-05-21,205.080002
TSLA:NASDAQ,Tesla Inc,2019-05-22,192.729996
TSLA:NASDAQ,Tesla Inc,2019-05-23,195.490005
TSLA:NASDAQ,Tesla Inc,2019-05-24,190.630005
TSLA:NASDAQ,Tesla Inc,2019-05-28,188.699997
TSLA:NASDAQ,Tesla Inc,2019-05-29,189.860001
TSLA:NASDAQ,Tesla Inc,2019-05-30,188.220001
TSLA:NASDAQ,Tesla Inc,2019-05-31,185.16000400000001
TSLA:NASDAQ,Tesla Inc,2019-06-03,178.970001
TSLA:NASDAQ,Tesla Inc,2019-06-04,193.600006
TSLA:NASDAQ,Tesla Inc,2019-06-05,196.58999599999999
TSLA:NASDAQ,Tesla Inc,2019-06-06,205.949997
TSLA:NASDAQ,Tesla Inc,2019-06-07,204.5
TSLA:NASDAQ,Tesla Inc,2019-06-10,212.88000499999998
TSLA:NASDAQ,Tesla Inc,2019-06-11,217.100006
TSLA:NASDAQ,Tesla Inc,2019-06-12,209.259995
TSLA:NASDAQ,Tesla Inc,2019-06-13,213.91000400000001
TSLA:NASDAQ,Tesla Inc,2019-06-14,214.919998
TSLA:NASDAQ,Tesla Inc,2019-06-17,225.02999900000003
TSLA:NASDAQ,Tesla Inc,2019-06-18,224.74000499999997
TSLA:NASDAQ,Tesla Inc,2019-06-19,226.42999300000002
TSLA:NASDAQ,Tesla Inc,2019-06-20,219.61999500000002
TSLA:NASDAQ,Tesla Inc,2019-06-21,221.86000099999998
TSLA:NASDAQ,Tesla Inc,2019-06-24,223.63999900000002
TSLA:NASDAQ,Tesla Inc,2019-06-25,219.75999500000003
TSLA:NASDAQ,Tesla Inc,2019-06-26,219.270004
TSLA:NASDAQ,Tesla Inc,2019-06-27,222.83999599999999
TSLA:NASDAQ,Tesla Inc,2019-06-28,223.460007
TSLA:NASDAQ,Tesla Inc,2019-07-01,227.169998
TSLA:NASDAQ,Tesla Inc,2019-07-02,224.55000299999998
TSLA:NASDAQ,Tesla Inc,2019-07-03,234.899994
TSLA:NASDAQ,Tesla Inc,2019-07-05,233.100006
TSLA:NASDAQ,Tesla Inc,2019-07-08,230.33999599999999
TSLA:NASDAQ,Tesla Inc,2019-07-09,230.059998
TSLA:NASDAQ,Tesla Inc,2019-07-10,238.919998
TSLA:NASDAQ,Tesla Inc,2019-07-11,238.600006
TSLA:NASDAQ,Tesla Inc,2019-07-12,245.080002
TSLA:NASDAQ,Tesla Inc,2019-07-15,253.5
TSLA:NASDAQ,Tesla Inc,2019-07-16,252.38000499999998
TSLA:NASDAQ,Tesla Inc,2019-07-17,254.86000099999998
TSLA:NASDAQ,Tesla Inc,2019-07-18,253.539993
TSLA:NASDAQ,Tesla Inc,2019-07-19,258.179993
TSLA:NASDAQ,Tesla Inc,2019-07-22,255.67999300000002
TSLA:NASDAQ,Tesla Inc,2019-07-23,260.170013
TSLA:NASDAQ,Tesla Inc,2019-07-24,264.880005
TSLA:NASDAQ,Tesla Inc,2019-07-25,228.82000699999998
TSLA:NASDAQ,Tesla Inc,2019-07-26,228.039993
TSLA:NASDAQ,Tesla Inc,2019-07-29,235.770004
TSLA:NASDAQ,Tesla Inc,2019-07-30,242.25999500000003
TSLA:NASDAQ,Tesla Inc,2019-07-31,241.61000099999998
TSLA:NASDAQ,Tesla Inc,2019-08-01,233.850006
TSLA:NASDAQ,Tesla Inc,2019-08-02,234.33999599999999
TSLA:NASDAQ,Tesla Inc,2019-08-05,228.32000699999998
TSLA:NASDAQ,Tesla Inc,2019-08-06,230.75
TSLA:NASDAQ,Tesla Inc,2019-08-07,233.419998
TSLA:NASDAQ,Tesla Inc,2019-08-08,238.30000299999998
TSLA:NASDAQ,Tesla Inc,2019-08-09,235.00999500000003
TSLA:NASDAQ,Tesla Inc,2019-08-12,229.00999500000003
TSLA:NASDAQ,Tesla Inc,2019-08-13,235.0
TSLA:NASDAQ,Tesla Inc,2019-08-14,219.61999500000002
TSLA:NASDAQ,Tesla Inc,2019-08-15,215.63999900000002
TSLA:NASDAQ,Tesla Inc,2019-08-16,219.940002
TSLA:NASDAQ,Tesla Inc,2019-08-19,226.830002
TSLA:NASDAQ,Tesla Inc,2019-08-20,225.86000099999998
TSLA:NASDAQ,Tesla Inc,2019-08-21,220.830002
TSLA:NASDAQ,Tesla Inc,2019-08-22,222.149994
TSLA:NASDAQ,Tesla Inc,2019-08-23,211.399994
TSLA:NASDAQ,Tesla Inc,2019-08-26,215.0
TSLA:NASDAQ,Tesla Inc,2019-08-27,214.080002
TSLA:NASDAQ,Tesla Inc,2019-08-28,215.58999599999999
TSLA:NASDAQ,Tesla Inc,2019-08-29,221.710007
TSLA:NASDAQ,Tesla Inc,2019-08-30,225.61000099999998
TSLA:NASDAQ,Tesla Inc,2019-09-03,225.00999500000003
TSLA:NASDAQ,Tesla Inc,2019-09-04,220.67999300000002
TSLA:NASDAQ,Tesla Inc,2019-09-05,229.580002
TSLA:NASDAQ,Tesla Inc,2019-09-06,227.44999700000002
TSLA:NASDAQ,Tesla Inc,2019-09-09,231.789993
TSLA:NASDAQ,Tesla Inc,2019-09-10,235.539993
TSLA:NASDAQ,Tesla Inc,2019-09-11,247.100006
TSLA:NASDAQ,Tesla Inc,2019-09-12,245.86999500000002
TSLA:NASDAQ,Tesla Inc,2019-09-13,245.19999700000002
TSLA:NASDAQ,Tesla Inc,2019-09-16,242.809998
TSLA:NASDAQ,Tesla Inc,2019-09-17,244.789993
TSLA:NASDAQ,Tesla Inc,2019-09-18,243.49000499999997
TSLA:NASDAQ,Tesla Inc,2019-09-19,246.600006
TSLA:NASDAQ,Tesla Inc,2019-09-20,240.61999500000002
TSLA:NASDAQ,Tesla Inc,2019-09-23,241.229996
TSLA:NASDAQ,Tesla Inc,2019-09-24,223.210007
TSLA:NASDAQ,Tesla Inc,2019-09-25,228.69999700000002
TSLA:NASDAQ,Tesla Inc,2019-09-26,242.559998
TSLA:NASDAQ,Tesla Inc,2019-09-27,242.13000499999998
TSLA:NASDAQ,Tesla Inc,2019-09-30,240.86999500000002
TSLA:NASDAQ,Tesla Inc,2019-10-01,244.690002
TSLA:NASDAQ,Tesla Inc,2019-10-02,243.13000499999998
TSLA:NASDAQ,Tesla Inc,2019-10-03,233.02999900000003
TSLA:NASDAQ,Tesla Inc,2019-10-04,231.42999300000002
TSLA:NASDAQ,Tesla Inc,2019-10-07,237.72000099999997
TSLA:NASDAQ,Tesla Inc,2019-10-08,240.05000299999998
TSLA:NASDAQ,Tesla Inc,2019-10-09,244.52999900000003
TSLA:NASDAQ,Tesla Inc,2019-10-10,244.74000499999997
TSLA:NASDAQ,Tesla Inc,2019-10-11,247.88999900000002
TSLA:NASDAQ,Tesla Inc,2019-10-14,256.959991
TSLA:NASDAQ,Tesla Inc,2019-10-15,257.890015
TSLA:NASDAQ,Tesla Inc,2019-10-16,259.75
TSLA:NASDAQ,Tesla Inc,2019-10-17,261.97000099999997
TSLA:NASDAQ,Tesla Inc,2019-10-18,256.950012
TSLA:NASDAQ,Tesla Inc,2019-10-21,253.5
TSLA:NASDAQ,Tesla Inc,2019-10-22,255.580002
TSLA:NASDAQ,Tesla Inc,2019-10-23,254.67999300000002
TSLA:NASDAQ,Tesla Inc,2019-10-24,299.679993
TSLA:NASDAQ,Tesla Inc,2019-10-25,328.130005
TSLA:NASDAQ,Tesla Inc,2019-10-28,327.709991
TSLA:NASDAQ,Tesla Inc,2019-10-29,316.22000099999997
TSLA:NASDAQ,Tesla Inc,2019-10-30,315.01001
TSLA:NASDAQ,Tesla Inc,2019-10-31,314.920013
TSLA:NASDAQ,Tesla Inc,2019-11-01,313.309998
TSLA:NASDAQ,Tesla Inc,2019-11-04,317.47000099999997
TSLA:NASDAQ,Tesla Inc,2019-11-05,317.22000099999997
TSLA:NASDAQ,Tesla Inc,2019-11-06,326.579987
TSLA:NASDAQ,Tesla Inc,2019-11-07,335.540009
TSLA:NASDAQ,Tesla Inc,2019-11-08,337.140015
TSLA:NASDAQ,Tesla Inc,2019-11-11,345.089996
TSLA:NASDAQ,Tesla Inc,2019-11-12,349.929993
TSLA:NASDAQ,Tesla Inc,2019-11-13,346.109985
TSLA:NASDAQ,Tesla Inc,2019-11-14,349.350006
TSLA:NASDAQ,Tesla Inc,2019-11-15,352.170013
TSLA:NASDAQ,Tesla Inc,2019-11-18,349.98999
TSLA:NASDAQ,Tesla Inc,2019-11-19,359.519989
TSLA:NASDAQ,Tesla Inc,2019-11-20,352.22000099999997
TSLA:NASDAQ,Tesla Inc,2019-11-21,354.829987
TSLA:NASDAQ,Tesla Inc,2019-11-22,333.040009
TSLA:NASDAQ,Tesla Inc,2019-11-25,336.339996
TSLA:NASDAQ,Tesla Inc,2019-11-26,328.920013
TSLA:NASDAQ,Tesla Inc,2019-11-27,331.290009
TSLA:NASDAQ,Tesla Inc,2019-11-29,329.940002
TSLA:NASDAQ,Tesla Inc,2019-12-02,334.869995
TSLA:NASDAQ,Tesla Inc,2019-12-03,336.200012
TSLA:NASDAQ,Tesla Inc,2019-12-04,333.02999900000003
TSLA:NASDAQ,Tesla Inc,2019-12-05,330.369995
TSLA:NASDAQ,Tesla Inc,2019-12-06,335.890015
TSLA:NASDAQ,Tesla Inc,2019-12-09,339.52999900000003
TSLA:NASDAQ,Tesla Inc,2019-12-10,348.839996
TSLA:NASDAQ,Tesla Inc,2019-12-11,352.700012
TSLA:NASDAQ,Tesla Inc,2019-12-12,359.679993
TSLA:NASDAQ,Tesla Inc,2019-12-13,358.390015
TSLA:NASDAQ,Tesla Inc,2019-12-16,381.5
TSLA:NASDAQ,Tesla Inc,2019-12-17,378.98999
TSLA:NASDAQ,Tesla Inc,2019-12-18,393.149994
TSLA:NASDAQ,Tesla Inc,2019-12-19,404.040009
TSLA:NASDAQ,Tesla Inc,2019-12-20,405.589996
TSLA:NASDAQ,Tesla Inc,2019-12-23,419.22000099999997
TSLA:NASDAQ,Tesla Inc,2019-12-24,425.25
TSLA:NASDAQ,Tesla Inc,2019-12-26,430.94000199999994
TSLA:NASDAQ,Tesla Inc,2019-12-27,430.380005
TSLA:NASDAQ,Tesla Inc,2019-12-30,414.700012
TSLA:NASDAQ,Tesla Inc,2019-12-31,418.329987
TSLA:NASDAQ,Tesla Inc,2020-01-02,430.26000999999997
TSLA:NASDAQ,Tesla Inc,2020-01-03,443.01000999999997
TSLA:NASDAQ,Tesla Inc,2020-01-06,451.540009
TSLA:NASDAQ,Tesla Inc,2020-01-07,469.05999800000006
TSLA:NASDAQ,Tesla Inc,2020-01-08,492.14001500000006
TSLA:NASDAQ,Tesla Inc,2020-01-09,481.339996
TSLA:NASDAQ,Tesla Inc,2020-01-10,478.14999400000005
TSLA:NASDAQ,Tesla Inc,2020-01-13,524.8599849999999
TSLA:NASDAQ,Tesla Inc,2020-01-14,537.919983
TSLA:NASDAQ,Tesla Inc,2020-01-15,518.5
TSLA:NASDAQ,Tesla Inc,2020-01-16,513.48999
TSLA:NASDAQ,Tesla Inc,2020-01-17,510.5
TSLA:NASDAQ,Tesla Inc,2020-01-21,547.200012
TSLA:NASDAQ,Tesla Inc,2020-01-22,569.5599980000001
TSLA:NASDAQ,Tesla Inc,2020-01-23,572.200012
TSLA:NASDAQ,Tesla Inc,2020-01-24,564.820007
UAL:NASDAQ,United Airlines Holdings Inc,2019-01-25,84.139999
UAL:NASDAQ,United Airlines Holdings Inc,2019-01-28,84.599998
UAL:NASDAQ,United Airlines Holdings Inc,2019-01-29,85.66999799999999
UAL:NASDAQ,United Airlines Holdings Inc,2019-01-30,87.470001
UAL:NASDAQ,United Airlines Holdings Inc,2019-01-31,87.269997
UAL:NASDAQ,United Airlines Holdings Inc,2019-02-01,87.489998
UAL:NASDAQ,United Airlines Holdings Inc,2019-02-04,88.620003
UAL:NASDAQ,United Airlines Holdings Inc,2019-02-05,89.459999
UAL:NASDAQ,United Airlines Holdings Inc,2019-02-06,89.75
UAL:NASDAQ,United Airlines Holdings Inc,2019-02-07,87.860001
UAL:NASDAQ,United Airlines Holdings Inc,2019-02-08,88.16999799999999
UAL:NASDAQ,United Airlines Holdings Inc,2019-02-11,89.150002
UAL:NASDAQ,United Airlines Holdings Inc,2019-02-12,87.970001
UAL:NASDAQ,United Airlines Holdings Inc,2019-02-13,88.58000200000001
UAL:NASDAQ,United Airlines Holdings Inc,2019-02-14,88.150002
UAL:NASDAQ,United Airlines Holdings Inc,2019-02-15,88.309998
UAL:NASDAQ,United Airlines Holdings Inc,2019-02-19,89.239998
UAL:NASDAQ,United Airlines Holdings Inc,2019-02-20,88.5
UAL:NASDAQ,United Airlines Holdings Inc,2019-02-21,88.839996
UAL:NASDAQ,United Airlines Holdings Inc,2019-02-22,89.43
UAL:NASDAQ,United Airlines Holdings Inc,2019-02-25,89.58000200000001
UAL:NASDAQ,United Airlines Holdings Inc,2019-02-26,89.529999
UAL:NASDAQ,United Airlines Holdings Inc,2019-02-27,87.599998
UAL:NASDAQ,United Airlines Holdings Inc,2019-02-28,87.809998
UAL:NASDAQ,United Airlines Holdings Inc,2019-03-01,86.91999799999999
UAL:NASDAQ,United Airlines Holdings Inc,2019-03-04,84.309998
UAL:NASDAQ,United Airlines Holdings Inc,2019-03-05,85.050003
UAL:NASDAQ,United Airlines Holdings Inc,2019-03-06,84.33000200000001
UAL:NASDAQ,United Airlines Holdings Inc,2019-03-07,82.610001
UAL:NASDAQ,United Airlines Holdings Inc,2019-03-08,82.400002
UAL:NASDAQ,United Airlines Holdings Inc,2019-03-11,82.379997
UAL:NASDAQ,United Airlines Holdings Inc,2019-03-12,79.849998
UAL:NASDAQ,United Airlines Holdings Inc,2019-03-13,81.209999
UAL:NASDAQ,United Airlines Holdings Inc,2019-03-14,81.489998
UAL:NASDAQ,United Airlines Holdings Inc,2019-03-15,81.690002
UAL:NASDAQ,United Airlines Holdings Inc,2019-03-18,80.730003
UAL:NASDAQ,United Airlines Holdings Inc,2019-03-19,81.339996
UAL:NASDAQ,United Airlines Holdings Inc,2019-03-20,79.83000200000001
UAL:NASDAQ,United Airlines Holdings Inc,2019-03-21,81.0
UAL:NASDAQ,United Airlines Holdings Inc,2019-03-22,79.629997
UAL:NASDAQ,United Airlines Holdings Inc,2019-03-25,78.120003
UAL:NASDAQ,United Airlines Holdings Inc,2019-03-26,77.489998
UAL:NASDAQ,United Airlines Holdings Inc,2019-03-27,78.529999
UAL:NASDAQ,United Airlines Holdings Inc,2019-03-28,78.599998
UAL:NASDAQ,United Airlines Holdings Inc,2019-03-29,79.779999
UAL:NASDAQ,United Airlines Holdings Inc,2019-04-01,80.870003
UAL:NASDAQ,United Airlines Holdings Inc,2019-04-02,82.769997
UAL:NASDAQ,United Airlines Holdings Inc,2019-04-03,84.199997
UAL:NASDAQ,United Airlines Holdings Inc,2019-04-04,84.639999
UAL:NASDAQ,United Airlines Holdings Inc,2019-04-05,84.910004
UAL:NASDAQ,United Airlines Holdings Inc,2019-04-08,84.58000200000001
UAL:NASDAQ,United Airlines Holdings Inc,2019-04-09,84.25
UAL:NASDAQ,United Airlines Holdings Inc,2019-04-10,84.519997
UAL:NASDAQ,United Airlines Holdings Inc,2019-04-11,85.75
UAL:NASDAQ,United Airlines Holdings Inc,2019-04-12,85.489998
UAL:NASDAQ,United Airlines Holdings Inc,2019-04-15,84.519997
UAL:NASDAQ,United Airlines Holdings Inc,2019-04-16,85.16999799999999
UAL:NASDAQ,United Airlines Holdings Inc,2019-04-17,89.239998
UAL:NASDAQ,United Airlines Holdings Inc,2019-04-18,88.279999
UAL:NASDAQ,United Airlines Holdings Inc,2019-04-22,87.559998
UAL:NASDAQ,United Airlines Holdings Inc,2019-04-23,87.970001
UAL:NASDAQ,United Airlines Holdings Inc,2019-04-24,88.029999
UAL:NASDAQ,United Airlines Holdings Inc,2019-04-25,86.860001
UAL:NASDAQ,United Airlines Holdings Inc,2019-04-26,87.940002
UAL:NASDAQ,United Airlines Holdings Inc,2019-04-29,89.610001
UAL:NASDAQ,United Airlines Holdings Inc,2019-04-30,88.860001
UAL:NASDAQ,United Airlines Holdings Inc,2019-05-01,87.940002
UAL:NASDAQ,United Airlines Holdings Inc,2019-05-02,88.309998
UAL:NASDAQ,United Airlines Holdings Inc,2019-05-03,88.5
UAL:NASDAQ,United Airlines Holdings Inc,2019-05-06,87.790001
UAL:NASDAQ,United Airlines Holdings Inc,2019-05-07,85.68
UAL:NASDAQ,United Airlines Holdings Inc,2019-05-08,84.639999
UAL:NASDAQ,United Airlines Holdings Inc,2019-05-09,84.120003
UAL:NASDAQ,United Airlines Holdings Inc,2019-05-10,84.790001
UAL:NASDAQ,United Airlines Holdings Inc,2019-05-13,82.07
UAL:NASDAQ,United Airlines Holdings Inc,2019-05-14,83.449997
UAL:NASDAQ,United Airlines Holdings Inc,2019-05-15,82.349998
UAL:NASDAQ,United Airlines Holdings Inc,2019-05-16,82.58000200000001
UAL:NASDAQ,United Airlines Holdings Inc,2019-05-17,81.5
UAL:NASDAQ,United Airlines Holdings Inc,2019-05-20,81.739998
UAL:NASDAQ,United Airlines Holdings Inc,2019-05-21,82.970001
UAL:NASDAQ,United Airlines Holdings Inc,2019-05-22,81.879997
UAL:NASDAQ,United Airlines Holdings Inc,2019-05-23,80.910004
UAL:NASDAQ,United Airlines Holdings Inc,2019-05-24,80.790001
UAL:NASDAQ,United Airlines Holdings Inc,2019-05-28,79.900002
UAL:NASDAQ,United Airlines Holdings Inc,2019-05-29,79.25
UAL:NASDAQ,United Airlines Holdings Inc,2019-05-30,79.470001
UAL:NASDAQ,United Airlines Holdings Inc,2019-05-31,77.650002
UAL:NASDAQ,United Airlines Holdings Inc,2019-06-03,77.720001
UAL:NASDAQ,United Airlines Holdings Inc,2019-06-04,80.519997
UAL:NASDAQ,United Airlines Holdings Inc,2019-06-05,81.849998
UAL:NASDAQ,United Airlines Holdings Inc,2019-06-06,82.959999
UAL:NASDAQ,United Airlines Holdings Inc,2019-06-07,83.269997
UAL:NASDAQ,United Airlines Holdings Inc,2019-06-10,82.66999799999999
UAL:NASDAQ,United Airlines Holdings Inc,2019-06-11,82.769997
UAL:NASDAQ,United Airlines Holdings Inc,2019-06-12,83.790001
UAL:NASDAQ,United Airlines Holdings Inc,2019-06-13,87.110001
UAL:NASDAQ,United Airlines Holdings Inc,2019-06-14,87.120003
UAL:NASDAQ,United Airlines Holdings Inc,2019-06-17,86.769997
UAL:NASDAQ,United Airlines Holdings Inc,2019-06-18,87.400002
UAL:NASDAQ,United Airlines Holdings Inc,2019-06-19,88.660004
UAL:NASDAQ,United Airlines Holdings Inc,2019-06-20,87.139999
UAL:NASDAQ,United Airlines Holdings Inc,2019-06-21,86.720001
UAL:NASDAQ,United Airlines Holdings Inc,2019-06-24,86.550003
UAL:NASDAQ,United Airlines Holdings Inc,2019-06-25,85.059998
UAL:NASDAQ,United Airlines Holdings Inc,2019-06-26,85.33000200000001
UAL:NASDAQ,United Airlines Holdings Inc,2019-06-27,86.43
UAL:NASDAQ,United Airlines Holdings Inc,2019-06-28,87.550003
UAL:NASDAQ,United Airlines Holdings Inc,2019-07-01,88.449997
UAL:NASDAQ,United Airlines Holdings Inc,2019-07-02,88.870003
UAL:NASDAQ,United Airlines Holdings Inc,2019-07-03,90.66999799999999
UAL:NASDAQ,United Airlines Holdings Inc,2019-07-05,90.589996
UAL:NASDAQ,United Airlines Holdings Inc,2019-07-08,90.66999799999999
UAL:NASDAQ,United Airlines Holdings Inc,2019-07-09,89.459999
UAL:NASDAQ,United Airlines Holdings Inc,2019-07-10,89.510002
UAL:NASDAQ,United Airlines Holdings Inc,2019-07-11,89.480003
UAL:NASDAQ,United Airlines Holdings Inc,2019-07-12,91.230003
UAL:NASDAQ,United Airlines Holdings Inc,2019-07-15,91.32
UAL:NASDAQ,United Airlines Holdings Inc,2019-07-16,93.91999799999999
UAL:NASDAQ,United Airlines Holdings Inc,2019-07-17,94.779999
UAL:NASDAQ,United Airlines Holdings Inc,2019-07-18,95.279999
UAL:NASDAQ,United Airlines Holdings Inc,2019-07-19,93.83000200000001
UAL:NASDAQ,United Airlines Holdings Inc,2019-07-22,93.83000200000001
UAL:NASDAQ,United Airlines Holdings Inc,2019-07-23,94.93
UAL:NASDAQ,United Airlines Holdings Inc,2019-07-24,95.110001
UAL:NASDAQ,United Airlines Holdings Inc,2019-07-25,93.93
UAL:NASDAQ,United Airlines Holdings Inc,2019-07-26,93.360001
UAL:NASDAQ,United Airlines Holdings Inc,2019-07-29,93.440002
UAL:NASDAQ,United Airlines Holdings Inc,2019-07-30,93.93
UAL:NASDAQ,United Airlines Holdings Inc,2019-07-31,91.910004
UAL:NASDAQ,United Airlines Holdings Inc,2019-08-01,90.489998
UAL:NASDAQ,United Airlines Holdings Inc,2019-08-02,89.43
UAL:NASDAQ,United Airlines Holdings Inc,2019-08-05,85.589996
UAL:NASDAQ,United Airlines Holdings Inc,2019-08-06,85.459999
UAL:NASDAQ,United Airlines Holdings Inc,2019-08-07,86.480003
UAL:NASDAQ,United Airlines Holdings Inc,2019-08-08,87.629997
UAL:NASDAQ,United Airlines Holdings Inc,2019-08-09,86.980003
UAL:NASDAQ,United Airlines Holdings Inc,2019-08-12,84.709999
UAL:NASDAQ,United Airlines Holdings Inc,2019-08-13,84.559998
UAL:NASDAQ,United Airlines Holdings Inc,2019-08-14,81.949997
UAL:NASDAQ,United Airlines Holdings Inc,2019-08-15,81.620003
UAL:NASDAQ,United Airlines Holdings Inc,2019-08-16,82.940002
UAL:NASDAQ,United Airlines Holdings Inc,2019-08-19,83.889999
UAL:NASDAQ,United Airlines Holdings Inc,2019-08-20,84.029999
UAL:NASDAQ,United Airlines Holdings Inc,2019-08-21,85.290001
UAL:NASDAQ,United Airlines Holdings Inc,2019-08-22,85.559998
UAL:NASDAQ,United Airlines Holdings Inc,2019-08-23,82.529999
UAL:NASDAQ,United Airlines Holdings Inc,2019-08-26,83.58000200000001
UAL:NASDAQ,United Airlines Holdings Inc,2019-08-27,81.940002
UAL:NASDAQ,United Airlines Holdings Inc,2019-08-28,82.449997
UAL:NASDAQ,United Airlines Holdings Inc,2019-08-29,84.690002
UAL:NASDAQ,United Airlines Holdings Inc,2019-08-30,84.309998
UAL:NASDAQ,United Airlines Holdings Inc,2019-09-03,83.150002
UAL:NASDAQ,United Airlines Holdings Inc,2019-09-04,83.910004
UAL:NASDAQ,United Airlines Holdings Inc,2019-09-05,85.839996
UAL:NASDAQ,United Airlines Holdings Inc,2019-09-06,86.300003
UAL:NASDAQ,United Airlines Holdings Inc,2019-09-09,87.33000200000001
UAL:NASDAQ,United Airlines Holdings Inc,2019-09-10,87.559998
UAL:NASDAQ,United Airlines Holdings Inc,2019-09-11,88.379997
UAL:NASDAQ,United Airlines Holdings Inc,2019-09-12,89.379997
UAL:NASDAQ,United Airlines Holdings Inc,2019-09-13,91.349998
UAL:NASDAQ,United Airlines Holdings Inc,2019-09-16,88.760002
UAL:NASDAQ,United Airlines Holdings Inc,2019-09-17,89.980003
UAL:NASDAQ,United Airlines Holdings Inc,2019-09-18,90.230003
UAL:NASDAQ,United Airlines Holdings Inc,2019-09-19,89.41999799999999
UAL:NASDAQ,United Airlines Holdings Inc,2019-09-20,89.089996
UAL:NASDAQ,United Airlines Holdings Inc,2019-09-23,88.209999
UAL:NASDAQ,United Airlines Holdings Inc,2019-09-24,88.300003
UAL:NASDAQ,United Airlines Holdings Inc,2019-09-25,89.16999799999999
UAL:NASDAQ,United Airlines Holdings Inc,2019-09-26,88.449997
UAL:NASDAQ,United Airlines Holdings Inc,2019-09-27,88.139999
UAL:NASDAQ,United Airlines Holdings Inc,2019-09-30,88.410004
UAL:NASDAQ,United Airlines Holdings Inc,2019-10-01,87.839996
UAL:NASDAQ,United Airlines Holdings Inc,2019-10-02,83.690002
UAL:NASDAQ,United Airlines Holdings Inc,2019-10-03,83.269997
UAL:NASDAQ,United Airlines Holdings Inc,2019-10-04,84.290001
UAL:NASDAQ,United Airlines Holdings Inc,2019-10-07,84.849998
UAL:NASDAQ,United Airlines Holdings Inc,2019-10-08,84.690002
UAL:NASDAQ,United Airlines Holdings Inc,2019-10-09,86.459999
UAL:NASDAQ,United Airlines Holdings Inc,2019-10-10,87.339996
UAL:NASDAQ,United Airlines Holdings Inc,2019-10-11,87.150002
UAL:NASDAQ,United Airlines Holdings Inc,2019-10-14,86.970001
UAL:NASDAQ,United Airlines Holdings Inc,2019-10-15,87.879997
UAL:NASDAQ,United Airlines Holdings Inc,2019-10-16,89.699997
UAL:NASDAQ,United Airlines Holdings Inc,2019-10-17,89.459999
UAL:NASDAQ,United Airlines Holdings Inc,2019-10-18,90.089996
UAL:NASDAQ,United Airlines Holdings Inc,2019-10-21,90.779999
UAL:NASDAQ,United Airlines Holdings Inc,2019-10-22,89.709999
UAL:NASDAQ,United Airlines Holdings Inc,2019-10-23,89.900002
UAL:NASDAQ,United Airlines Holdings Inc,2019-10-24,89.809998
UAL:NASDAQ,United Airlines Holdings Inc,2019-10-25,91.639999
UAL:NASDAQ,United Airlines Holdings Inc,2019-10-28,92.190002
UAL:NASDAQ,United Airlines Holdings Inc,2019-10-29,91.029999
UAL:NASDAQ,United Airlines Holdings Inc,2019-10-30,91.66999799999999
UAL:NASDAQ,United Airlines Holdings Inc,2019-10-31,90.839996
UAL:NASDAQ,United Airlines Holdings Inc,2019-11-01,91.650002
UAL:NASDAQ,United Airlines Holdings Inc,2019-11-04,92.389999
UAL:NASDAQ,United Airlines Holdings Inc,2019-11-05,93.120003
UAL:NASDAQ,United Airlines Holdings Inc,2019-11-06,93.339996
UAL:NASDAQ,United Airlines Holdings Inc,2019-11-07,93.800003
UAL:NASDAQ,United Airlines Holdings Inc,2019-11-08,93.440002
UAL:NASDAQ,United Airlines Holdings Inc,2019-11-11,93.529999
UAL:NASDAQ,United Airlines Holdings Inc,2019-11-12,92.720001
UAL:NASDAQ,United Airlines Holdings Inc,2019-11-13,92.41999799999999
UAL:NASDAQ,United Airlines Holdings Inc,2019-11-14,92.519997
UAL:NASDAQ,United Airlines Holdings Inc,2019-11-15,92.510002
UAL:NASDAQ,United Airlines Holdings Inc,2019-11-18,92.769997
UAL:NASDAQ,United Airlines Holdings Inc,2019-11-19,93.290001
UAL:NASDAQ,United Airlines Holdings Inc,2019-11-20,91.699997
UAL:NASDAQ,United Airlines Holdings Inc,2019-11-21,90.970001
UAL:NASDAQ,United Airlines Holdings Inc,2019-11-22,91.779999
UAL:NASDAQ,United Airlines Holdings Inc,2019-11-25,92.519997
UAL:NASDAQ,United Airlines Holdings Inc,2019-11-26,92.760002
UAL:NASDAQ,United Airlines Holdings Inc,2019-11-27,93.050003
UAL:NASDAQ,United Airlines Holdings Inc,2019-11-29,92.800003
UAL:NASDAQ,United Airlines Holdings Inc,2019-12-02,91.629997
UAL:NASDAQ,United Airlines Holdings Inc,2019-12-03,88.870003
UAL:NASDAQ,United Airlines Holdings Inc,2019-12-04,88.16999799999999
UAL:NASDAQ,United Airlines Holdings Inc,2019-12-05,87.860001
UAL:NASDAQ,United Airlines Holdings Inc,2019-12-06,88.58000200000001
UAL:NASDAQ,United Airlines Holdings Inc,2019-12-09,87.610001
UAL:NASDAQ,United Airlines Holdings Inc,2019-12-10,86.510002
UAL:NASDAQ,United Airlines Holdings Inc,2019-12-11,87.019997
UAL:NASDAQ,United Airlines Holdings Inc,2019-12-12,88.470001
UAL:NASDAQ,United Airlines Holdings Inc,2019-12-13,87.58000200000001
UAL:NASDAQ,United Airlines Holdings Inc,2019-12-16,88.629997
UAL:NASDAQ,United Airlines Holdings Inc,2019-12-17,89.360001
UAL:NASDAQ,United Airlines Holdings Inc,2019-12-18,88.839996
UAL:NASDAQ,United Airlines Holdings Inc,2019-12-19,89.220001
UAL:NASDAQ,United Airlines Holdings Inc,2019-12-20,89.279999
UAL:NASDAQ,United Airlines Holdings Inc,2019-12-23,89.440002
UAL:NASDAQ,United Airlines Holdings Inc,2019-12-24,89.150002
UAL:NASDAQ,United Airlines Holdings Inc,2019-12-26,89.260002
UAL:NASDAQ,United Airlines Holdings Inc,2019-12-27,88.370003
UAL:NASDAQ,United Airlines Holdings Inc,2019-12-30,87.959999
UAL:NASDAQ,United Airlines Holdings Inc,2019-12-31,88.089996
UAL:NASDAQ,United Airlines Holdings Inc,2020-01-02,89.739998
UAL:NASDAQ,United Airlines Holdings Inc,2020-01-03,87.900002
UAL:NASDAQ,United Airlines Holdings Inc,2020-01-06,87.699997
UAL:NASDAQ,United Airlines Holdings Inc,2020-01-07,86.769997
UAL:NASDAQ,United Airlines Holdings Inc,2020-01-08,87.300003
UAL:NASDAQ,United Airlines Holdings Inc,2020-01-09,87.949997
UAL:NASDAQ,United Airlines Holdings Inc,2020-01-10,87.309998
UAL:NASDAQ,United Airlines Holdings Inc,2020-01-13,86.889999
UAL:NASDAQ,United Airlines Holdings Inc,2020-01-14,87.849998
UAL:NASDAQ,United Airlines Holdings Inc,2020-01-15,88.290001
UAL:NASDAQ,United Airlines Holdings Inc,2020-01-16,89.540001
UAL:NASDAQ,United Airlines Holdings Inc,2020-01-17,89.699997
UAL:NASDAQ,United Airlines Holdings Inc,2020-01-21,85.790001
UAL:NASDAQ,United Airlines Holdings Inc,2020-01-22,83.339996
UAL:NASDAQ,United Airlines Holdings Inc,2020-01-23,84.879997
UAL:NASDAQ,United Airlines Holdings Inc,2020-01-24,81.900002
LRCX:NASDAQ,Lam Research Corp,2019-01-25,162.017822
LRCX:NASDAQ,Lam Research Corp,2019-01-28,162.575836
LRCX:NASDAQ,Lam Research Corp,2019-01-29,161.52832
LRCX:NASDAQ,Lam Research Corp,2019-01-30,167.343674
LRCX:NASDAQ,Lam Research Corp,2019-01-31,166.021988
LRCX:NASDAQ,Lam Research Corp,2019-02-01,169.145065
LRCX:NASDAQ,Lam Research Corp,2019-02-04,169.52688600000002
LRCX:NASDAQ,Lam Research Corp,2019-02-05,170.045776
LRCX:NASDAQ,Lam Research Corp,2019-02-06,173.384232
LRCX:NASDAQ,Lam Research Corp,2019-02-07,172.033188
LRCX:NASDAQ,Lam Research Corp,2019-02-08,171.621994
LRCX:NASDAQ,Lam Research Corp,2019-02-11,172.22898899999998
LRCX:NASDAQ,Lam Research Corp,2019-02-12,175.48911999999999
LRCX:NASDAQ,Lam Research Corp,2019-02-13,177.212189
LRCX:NASDAQ,Lam Research Corp,2019-02-14,177.525482
LRCX:NASDAQ,Lam Research Corp,2019-02-15,177.290512
LRCX:NASDAQ,Lam Research Corp,2019-02-19,176.52688600000002
LRCX:NASDAQ,Lam Research Corp,2019-02-20,178.387009
LRCX:NASDAQ,Lam Research Corp,2019-02-21,175.06814599999998
LRCX:NASDAQ,Lam Research Corp,2019-02-22,175.459747
LRCX:NASDAQ,Lam Research Corp,2019-02-25,175.83178700000002
LRCX:NASDAQ,Lam Research Corp,2019-02-26,174.813583
LRCX:NASDAQ,Lam Research Corp,2019-02-27,173.482117
LRCX:NASDAQ,Lam Research Corp,2019-02-28,172.39541599999998
LRCX:NASDAQ,Lam Research Corp,2019-03-01,173.04158
LRCX:NASDAQ,Lam Research Corp,2019-03-04,174.040176
LRCX:NASDAQ,Lam Research Corp,2019-03-05,169.898911
LRCX:NASDAQ,Lam Research Corp,2019-03-06,165.640198
LRCX:NASDAQ,Lam Research Corp,2019-03-07,163.652771
LRCX:NASDAQ,Lam Research Corp,2019-03-08,165.28775
LRCX:NASDAQ,Lam Research Corp,2019-03-11,168.401016
LRCX:NASDAQ,Lam Research Corp,2019-03-12,168.449982
LRCX:NASDAQ,Lam Research Corp,2019-03-13,166.834595
LRCX:NASDAQ,Lam Research Corp,2019-03-14,172.826202
LRCX:NASDAQ,Lam Research Corp,2019-03-15,178.56321699999998
LRCX:NASDAQ,Lam Research Corp,2019-03-18,176.419189
LRCX:NASDAQ,Lam Research Corp,2019-03-19,176.665451
LRCX:NASDAQ,Lam Research Corp,2019-03-20,173.109482
LRCX:NASDAQ,Lam Research Corp,2019-03-21,181.048843
LRCX:NASDAQ,Lam Research Corp,2019-03-22,176.763947
LRCX:NASDAQ,Lam Research Corp,2019-03-25,176.409332
LRCX:NASDAQ,Lam Research Corp,2019-03-26,177.35498
LRCX:NASDAQ,Lam Research Corp,2019-03-27,174.981033
LRCX:NASDAQ,Lam Research Corp,2019-03-28,173.050369
LRCX:NASDAQ,Lam Research Corp,2019-03-29,176.330521
LRCX:NASDAQ,Lam Research Corp,2019-04-01,181.935349
LRCX:NASDAQ,Lam Research Corp,2019-04-02,181.50195300000001
LRCX:NASDAQ,Lam Research Corp,2019-04-03,188.672974
LRCX:NASDAQ,Lam Research Corp,2019-04-04,188.170609
LRCX:NASDAQ,Lam Research Corp,2019-04-05,192.228928
LRCX:NASDAQ,Lam Research Corp,2019-04-08,190.682449
LRCX:NASDAQ,Lam Research Corp,2019-04-09,187.609161
LRCX:NASDAQ,Lam Research Corp,2019-04-10,187.983444
LRCX:NASDAQ,Lam Research Corp,2019-04-11,188.446411
LRCX:NASDAQ,Lam Research Corp,2019-04-12,191.174973
LRCX:NASDAQ,Lam Research Corp,2019-04-15,189.92396499999998
LRCX:NASDAQ,Lam Research Corp,2019-04-16,191.70687900000001
LRCX:NASDAQ,Lam Research Corp,2019-04-17,193.351868
LRCX:NASDAQ,Lam Research Corp,2019-04-18,191.854645
LRCX:NASDAQ,Lam Research Corp,2019-04-22,192.297897
LRCX:NASDAQ,Lam Research Corp,2019-04-23,191.86448700000003
LRCX:NASDAQ,Lam Research Corp,2019-04-24,192.514603
LRCX:NASDAQ,Lam Research Corp,2019-04-25,202.010315
LRCX:NASDAQ,Lam Research Corp,2019-04-26,203.300705
LRCX:NASDAQ,Lam Research Corp,2019-04-29,203.034744
LRCX:NASDAQ,Lam Research Corp,2019-04-30,204.32513400000002
LRCX:NASDAQ,Lam Research Corp,2019-05-01,200.90708899999998
LRCX:NASDAQ,Lam Research Corp,2019-05-02,203.74395800000002
LRCX:NASDAQ,Lam Research Corp,2019-05-03,204.66989099999998
LRCX:NASDAQ,Lam Research Corp,2019-05-06,201.47839399999998
LRCX:NASDAQ,Lam Research Corp,2019-05-07,196.94725
LRCX:NASDAQ,Lam Research Corp,2019-05-08,196.72070300000001
LRCX:NASDAQ,Lam Research Corp,2019-05-09,195.656845
LRCX:NASDAQ,Lam Research Corp,2019-05-10,194.937775
LRCX:NASDAQ,Lam Research Corp,2019-05-13,185.48147600000001
LRCX:NASDAQ,Lam Research Corp,2019-05-14,189.55950900000002
LRCX:NASDAQ,Lam Research Corp,2019-05-15,192.553986
LRCX:NASDAQ,Lam Research Corp,2019-05-16,191.549271
LRCX:NASDAQ,Lam Research Corp,2019-05-17,191.253784
LRCX:NASDAQ,Lam Research Corp,2019-05-20,180.920792
LRCX:NASDAQ,Lam Research Corp,2019-05-21,184.11228899999998
LRCX:NASDAQ,Lam Research Corp,2019-05-22,184.37823500000002
LRCX:NASDAQ,Lam Research Corp,2019-05-23,182.674149
LRCX:NASDAQ,Lam Research Corp,2019-05-24,179.177277
LRCX:NASDAQ,Lam Research Corp,2019-05-28,176.241882
LRCX:NASDAQ,Lam Research Corp,2019-05-29,174.94163500000002
LRCX:NASDAQ,Lam Research Corp,2019-05-30,175.946365
LRCX:NASDAQ,Lam Research Corp,2019-05-31,171.996399
LRCX:NASDAQ,Lam Research Corp,2019-06-03,169.84901399999998
LRCX:NASDAQ,Lam Research Corp,2019-06-04,177.71942099999998
LRCX:NASDAQ,Lam Research Corp,2019-06-05,179.59098799999998
LRCX:NASDAQ,Lam Research Corp,2019-06-06,181.876266
LRCX:NASDAQ,Lam Research Corp,2019-06-07,183.885712
LRCX:NASDAQ,Lam Research Corp,2019-06-10,188.308517
LRCX:NASDAQ,Lam Research Corp,2019-06-11,188.15991200000002
LRCX:NASDAQ,Lam Research Corp,2019-06-12,178.212952
LRCX:NASDAQ,Lam Research Corp,2019-06-13,178.520096
LRCX:NASDAQ,Lam Research Corp,2019-06-14,175.161499
LRCX:NASDAQ,Lam Research Corp,2019-06-17,170.911255
LRCX:NASDAQ,Lam Research Corp,2019-06-18,178.767776
LRCX:NASDAQ,Lam Research Corp,2019-06-19,179.73869299999998
LRCX:NASDAQ,Lam Research Corp,2019-06-20,182.255157
LRCX:NASDAQ,Lam Research Corp,2019-06-21,181.33377099999998
LRCX:NASDAQ,Lam Research Corp,2019-06-24,179.590073
LRCX:NASDAQ,Lam Research Corp,2019-06-25,174.190582
LRCX:NASDAQ,Lam Research Corp,2019-06-26,179.599991
LRCX:NASDAQ,Lam Research Corp,2019-06-27,184.405045
LRCX:NASDAQ,Lam Research Corp,2019-06-28,186.099182
LRCX:NASDAQ,Lam Research Corp,2019-07-01,189.566742
LRCX:NASDAQ,Lam Research Corp,2019-07-02,185.45521499999998
LRCX:NASDAQ,Lam Research Corp,2019-07-03,183.146805
LRCX:NASDAQ,Lam Research Corp,2019-07-05,181.93811000000002
LRCX:NASDAQ,Lam Research Corp,2019-07-08,179.718857
LRCX:NASDAQ,Lam Research Corp,2019-07-09,181.383301
LRCX:NASDAQ,Lam Research Corp,2019-07-10,182.512741
LRCX:NASDAQ,Lam Research Corp,2019-07-11,183.17652900000002
LRCX:NASDAQ,Lam Research Corp,2019-07-12,189.467682
LRCX:NASDAQ,Lam Research Corp,2019-07-15,190.963699
LRCX:NASDAQ,Lam Research Corp,2019-07-16,188.050934
LRCX:NASDAQ,Lam Research Corp,2019-07-17,189.943237
LRCX:NASDAQ,Lam Research Corp,2019-07-18,196.392899
LRCX:NASDAQ,Lam Research Corp,2019-07-19,196.630676
LRCX:NASDAQ,Lam Research Corp,2019-07-22,205.28968799999998
LRCX:NASDAQ,Lam Research Corp,2019-07-23,207.81604
LRCX:NASDAQ,Lam Research Corp,2019-07-24,214.969131
LRCX:NASDAQ,Lam Research Corp,2019-07-25,208.79686
LRCX:NASDAQ,Lam Research Corp,2019-07-26,208.79686
LRCX:NASDAQ,Lam Research Corp,2019-07-29,208.866226
LRCX:NASDAQ,Lam Research Corp,2019-07-30,209.361603
LRCX:NASDAQ,Lam Research Corp,2019-07-31,206.676697
LRCX:NASDAQ,Lam Research Corp,2019-08-01,203.853104
LRCX:NASDAQ,Lam Research Corp,2019-08-02,202.198593
LRCX:NASDAQ,Lam Research Corp,2019-08-05,191.73645
LRCX:NASDAQ,Lam Research Corp,2019-08-06,192.717285
LRCX:NASDAQ,Lam Research Corp,2019-08-07,194.609573
LRCX:NASDAQ,Lam Research Corp,2019-08-08,199.612778
LRCX:NASDAQ,Lam Research Corp,2019-08-09,193.509872
LRCX:NASDAQ,Lam Research Corp,2019-08-12,194.490677
LRCX:NASDAQ,Lam Research Corp,2019-08-13,203.78376799999998
LRCX:NASDAQ,Lam Research Corp,2019-08-14,196.6604
LRCX:NASDAQ,Lam Research Corp,2019-08-15,197.08639499999998
LRCX:NASDAQ,Lam Research Corp,2019-08-16,203.209137
LRCX:NASDAQ,Lam Research Corp,2019-08-19,206.121902
LRCX:NASDAQ,Lam Research Corp,2019-08-20,204.843842
LRCX:NASDAQ,Lam Research Corp,2019-08-21,206.062454
LRCX:NASDAQ,Lam Research Corp,2019-08-22,208.509552
LRCX:NASDAQ,Lam Research Corp,2019-08-23,198.532883
LRCX:NASDAQ,Lam Research Corp,2019-08-26,199.474075
LRCX:NASDAQ,Lam Research Corp,2019-08-27,197.918625
LRCX:NASDAQ,Lam Research Corp,2019-08-28,201.396088
LRCX:NASDAQ,Lam Research Corp,2019-08-29,205.73551899999998
LRCX:NASDAQ,Lam Research Corp,2019-08-30,208.55908200000002
LRCX:NASDAQ,Lam Research Corp,2019-09-03,210.966583
LRCX:NASDAQ,Lam Research Corp,2019-09-04,219.54632599999997
LRCX:NASDAQ,Lam Research Corp,2019-09-05,224.638687
LRCX:NASDAQ,Lam Research Corp,2019-09-06,225.80773900000003
LRCX:NASDAQ,Lam Research Corp,2019-09-09,228.20530699999998
LRCX:NASDAQ,Lam Research Corp,2019-09-10,229.79049700000002
LRCX:NASDAQ,Lam Research Corp,2019-09-11,231.841293
LRCX:NASDAQ,Lam Research Corp,2019-09-12,232.693329
LRCX:NASDAQ,Lam Research Corp,2019-09-13,233.376938
LRCX:NASDAQ,Lam Research Corp,2019-09-16,232.762695
LRCX:NASDAQ,Lam Research Corp,2019-09-17,234.58563199999998
LRCX:NASDAQ,Lam Research Corp,2019-09-18,235.43766800000003
LRCX:NASDAQ,Lam Research Corp,2019-09-19,234.664902
LRCX:NASDAQ,Lam Research Corp,2019-09-20,233.129257
LRCX:NASDAQ,Lam Research Corp,2019-09-23,236.03212000000002
LRCX:NASDAQ,Lam Research Corp,2019-09-24,233.67416400000002
LRCX:NASDAQ,Lam Research Corp,2019-09-25,239.360977
LRCX:NASDAQ,Lam Research Corp,2019-09-26,240.579575
LRCX:NASDAQ,Lam Research Corp,2019-09-27,227.947739
LRCX:NASDAQ,Lam Research Corp,2019-09-30,230.11837799999998
LRCX:NASDAQ,Lam Research Corp,2019-10-01,229.401459
LRCX:NASDAQ,Lam Research Corp,2019-10-02,227.02171299999998
LRCX:NASDAQ,Lam Research Corp,2019-10-03,228.067215
LRCX:NASDAQ,Lam Research Corp,2019-10-04,232.269119
LRCX:NASDAQ,Lam Research Corp,2019-10-07,231.143951
LRCX:NASDAQ,Lam Research Corp,2019-10-08,226.723007
LRCX:NASDAQ,Lam Research Corp,2019-10-09,232.129715
LRCX:NASDAQ,Lam Research Corp,2019-10-10,233.613312
LRCX:NASDAQ,Lam Research Corp,2019-10-11,236.072708
LRCX:NASDAQ,Lam Research Corp,2019-10-14,235.26619
LRCX:NASDAQ,Lam Research Corp,2019-10-15,241.01144399999998
LRCX:NASDAQ,Lam Research Corp,2019-10-16,233.75271600000002
LRCX:NASDAQ,Lam Research Corp,2019-10-17,235.086975
LRCX:NASDAQ,Lam Research Corp,2019-10-18,232.697266
LRCX:NASDAQ,Lam Research Corp,2019-10-21,237.436844
LRCX:NASDAQ,Lam Research Corp,2019-10-22,233.90206899999998
LRCX:NASDAQ,Lam Research Corp,2019-10-23,232.17948900000002
LRCX:NASDAQ,Lam Research Corp,2019-10-24,264.46038799999997
LRCX:NASDAQ,Lam Research Corp,2019-10-25,268.891296
LRCX:NASDAQ,Lam Research Corp,2019-10-28,280.043243
LRCX:NASDAQ,Lam Research Corp,2019-10-29,275.30365
LRCX:NASDAQ,Lam Research Corp,2019-10-30,276.36908
LRCX:NASDAQ,Lam Research Corp,2019-10-31,269.877045
LRCX:NASDAQ,Lam Research Corp,2019-11-01,277.066071
LRCX:NASDAQ,Lam Research Corp,2019-11-04,276.906769
LRCX:NASDAQ,Lam Research Corp,2019-11-05,276.75741600000003
LRCX:NASDAQ,Lam Research Corp,2019-11-06,274.327881
LRCX:NASDAQ,Lam Research Corp,2019-11-07,272.933868
LRCX:NASDAQ,Lam Research Corp,2019-11-08,271.51001
LRCX:NASDAQ,Lam Research Corp,2019-11-11,270.0961
LRCX:NASDAQ,Lam Research Corp,2019-11-12,268.851471
LRCX:NASDAQ,Lam Research Corp,2019-11-13,271.290955
LRCX:NASDAQ,Lam Research Corp,2019-11-14,273.909668
LRCX:NASDAQ,Lam Research Corp,2019-11-15,282.462799
LRCX:NASDAQ,Lam Research Corp,2019-11-18,281.48703
LRCX:NASDAQ,Lam Research Corp,2019-11-19,275.57251
LRCX:NASDAQ,Lam Research Corp,2019-11-20,272.953796
LRCX:NASDAQ,Lam Research Corp,2019-11-21,262.76767
LRCX:NASDAQ,Lam Research Corp,2019-11-22,260.855927
LRCX:NASDAQ,Lam Research Corp,2019-11-25,267.855774
LRCX:NASDAQ,Lam Research Corp,2019-11-26,268.403381
LRCX:NASDAQ,Lam Research Corp,2019-11-27,269.777466
LRCX:NASDAQ,Lam Research Corp,2019-11-29,265.685089
LRCX:NASDAQ,Lam Research Corp,2019-12-02,261.811798
LRCX:NASDAQ,Lam Research Corp,2019-12-03,256.733673
LRCX:NASDAQ,Lam Research Corp,2019-12-04,261.742096
LRCX:NASDAQ,Lam Research Corp,2019-12-05,263.683746
LRCX:NASDAQ,Lam Research Corp,2019-12-06,268.702087
LRCX:NASDAQ,Lam Research Corp,2019-12-09,266.869995
LRCX:NASDAQ,Lam Research Corp,2019-12-10,268.98999
LRCX:NASDAQ,Lam Research Corp,2019-12-11,275.399994
LRCX:NASDAQ,Lam Research Corp,2019-12-12,284.700012
LRCX:NASDAQ,Lam Research Corp,2019-12-13,281.950012
LRCX:NASDAQ,Lam Research Corp,2019-12-16,284.25
LRCX:NASDAQ,Lam Research Corp,2019-12-17,290.570007
LRCX:NASDAQ,Lam Research Corp,2019-12-18,288.019989
LRCX:NASDAQ,Lam Research Corp,2019-12-19,293.290009
LRCX:NASDAQ,Lam Research Corp,2019-12-20,297.410004
LRCX:NASDAQ,Lam Research Corp,2019-12-23,294.450012
LRCX:NASDAQ,Lam Research Corp,2019-12-24,294.480011
LRCX:NASDAQ,Lam Research Corp,2019-12-26,294.920013
LRCX:NASDAQ,Lam Research Corp,2019-12-27,293.700012
LRCX:NASDAQ,Lam Research Corp,2019-12-30,292.540009
LRCX:NASDAQ,Lam Research Corp,2019-12-31,292.399994
LRCX:NASDAQ,Lam Research Corp,2020-01-02,297.890015
LRCX:NASDAQ,Lam Research Corp,2020-01-03,294.690002
LRCX:NASDAQ,Lam Research Corp,2020-01-06,289.190002
LRCX:NASDAQ,Lam Research Corp,2020-01-07,296.23999
LRCX:NASDAQ,Lam Research Corp,2020-01-08,299.97000099999997
LRCX:NASDAQ,Lam Research Corp,2020-01-09,297.929993
LRCX:NASDAQ,Lam Research Corp,2020-01-10,294.339996
LRCX:NASDAQ,Lam Research Corp,2020-01-13,297.290009
LRCX:NASDAQ,Lam Research Corp,2020-01-14,300.76001
LRCX:NASDAQ,Lam Research Corp,2020-01-15,298.339996
LRCX:NASDAQ,Lam Research Corp,2020-01-16,305.950012
LRCX:NASDAQ,Lam Research Corp,2020-01-17,308.0
LRCX:NASDAQ,Lam Research Corp,2020-01-21,308.679993
LRCX:NASDAQ,Lam Research Corp,2020-01-22,311.339996
LRCX:NASDAQ,Lam Research Corp,2020-01-23,312.420013
LRCX:NASDAQ,Lam Research Corp,2020-01-24,306.540009
IDXX:NASDAQ,IDEXX Laboratories Inc,2019-01-25,208.850006
IDXX:NASDAQ,IDEXX Laboratories Inc,2019-01-28,205.699997
IDXX:NASDAQ,IDEXX Laboratories Inc,2019-01-29,204.28999299999998
IDXX:NASDAQ,IDEXX Laboratories Inc,2019-01-30,207.679993
IDXX:NASDAQ,IDEXX Laboratories Inc,2019-01-31,212.77999900000003
IDXX:NASDAQ,IDEXX Laboratories Inc,2019-02-01,205.380005
IDXX:NASDAQ,IDEXX Laboratories Inc,2019-02-04,203.16000400000001
IDXX:NASDAQ,IDEXX Laboratories Inc,2019-02-05,207.979996
IDXX:NASDAQ,IDEXX Laboratories Inc,2019-02-06,208.830002
IDXX:NASDAQ,IDEXX Laboratories Inc,2019-02-07,206.809998
IDXX:NASDAQ,IDEXX Laboratories Inc,2019-02-08,207.740005
IDXX:NASDAQ,IDEXX Laboratories Inc,2019-02-11,206.639999
IDXX:NASDAQ,IDEXX Laboratories Inc,2019-02-12,209.5
IDXX:NASDAQ,IDEXX Laboratories Inc,2019-02-13,210.38999900000002
IDXX:NASDAQ,IDEXX Laboratories Inc,2019-02-14,206.940002
IDXX:NASDAQ,IDEXX Laboratories Inc,2019-02-15,210.25999500000003
IDXX:NASDAQ,IDEXX Laboratories Inc,2019-02-19,211.32000699999998
IDXX:NASDAQ,IDEXX Laboratories Inc,2019-02-20,211.440002
IDXX:NASDAQ,IDEXX Laboratories Inc,2019-02-21,205.990005
IDXX:NASDAQ,IDEXX Laboratories Inc,2019-02-22,209.179993
IDXX:NASDAQ,IDEXX Laboratories Inc,2019-02-25,210.100006
IDXX:NASDAQ,IDEXX Laboratories Inc,2019-02-26,207.740005
IDXX:NASDAQ,IDEXX Laboratories Inc,2019-02-27,208.970001
IDXX:NASDAQ,IDEXX Laboratories Inc,2019-02-28,211.02999900000003
IDXX:NASDAQ,IDEXX Laboratories Inc,2019-03-01,215.92999300000002
IDXX:NASDAQ,IDEXX Laboratories Inc,2019-03-04,213.41000400000001
IDXX:NASDAQ,IDEXX Laboratories Inc,2019-03-05,210.80000299999998
IDXX:NASDAQ,IDEXX Laboratories Inc,2019-03-06,207.809998
IDXX:NASDAQ,IDEXX Laboratories Inc,2019-03-07,203.889999
IDXX:NASDAQ,IDEXX Laboratories Inc,2019-03-08,201.740005
IDXX:NASDAQ,IDEXX Laboratories Inc,2019-03-11,204.720001
IDXX:NASDAQ,IDEXX Laboratories Inc,2019-03-12,205.970001
IDXX:NASDAQ,IDEXX Laboratories Inc,2019-03-13,209.88999900000002
IDXX:NASDAQ,IDEXX Laboratories Inc,2019-03-14,210.86999500000002
IDXX:NASDAQ,IDEXX Laboratories Inc,2019-03-15,216.210007
IDXX:NASDAQ,IDEXX Laboratories Inc,2019-03-18,215.74000499999997
IDXX:NASDAQ,IDEXX Laboratories Inc,2019-03-19,218.30000299999998
IDXX:NASDAQ,IDEXX Laboratories Inc,2019-03-20,219.270004
IDXX:NASDAQ,IDEXX Laboratories Inc,2019-03-21,225.690002
IDXX:NASDAQ,IDEXX Laboratories Inc,2019-03-22,219.42999300000002
IDXX:NASDAQ,IDEXX Laboratories Inc,2019-03-25,219.24000499999997
IDXX:NASDAQ,IDEXX Laboratories Inc,2019-03-26,220.0
IDXX:NASDAQ,IDEXX Laboratories Inc,2019-03-27,218.83999599999999
IDXX:NASDAQ,IDEXX Laboratories Inc,2019-03-28,220.559998
IDXX:NASDAQ,IDEXX Laboratories Inc,2019-03-29,223.600006
IDXX:NASDAQ,IDEXX Laboratories Inc,2019-04-01,225.11999500000002
IDXX:NASDAQ,IDEXX Laboratories Inc,2019-04-02,224.919998
IDXX:NASDAQ,IDEXX Laboratories Inc,2019-04-03,227.580002
IDXX:NASDAQ,IDEXX Laboratories Inc,2019-04-04,225.92999300000002
IDXX:NASDAQ,IDEXX Laboratories Inc,2019-04-05,227.770004
IDXX:NASDAQ,IDEXX Laboratories Inc,2019-04-08,227.75
IDXX:NASDAQ,IDEXX Laboratories Inc,2019-04-09,224.77999900000003
IDXX:NASDAQ,IDEXX Laboratories Inc,2019-04-10,224.520004
IDXX:NASDAQ,IDEXX Laboratories Inc,2019-04-11,223.75999500000003
IDXX:NASDAQ,IDEXX Laboratories Inc,2019-04-12,225.32000699999998
IDXX:NASDAQ,IDEXX Laboratories Inc,2019-04-15,225.22000099999997
IDXX:NASDAQ,IDEXX Laboratories Inc,2019-04-16,222.169998
IDXX:NASDAQ,IDEXX Laboratories Inc,2019-04-17,215.52999900000003
IDXX:NASDAQ,IDEXX Laboratories Inc,2019-04-18,218.49000499999997
IDXX:NASDAQ,IDEXX Laboratories Inc,2019-04-22,221.58999599999999
IDXX:NASDAQ,IDEXX Laboratories Inc,2019-04-23,224.44999700000002
IDXX:NASDAQ,IDEXX Laboratories Inc,2019-04-24,224.580002
IDXX:NASDAQ,IDEXX Laboratories Inc,2019-04-25,227.669998
IDXX:NASDAQ,IDEXX Laboratories Inc,2019-04-26,232.47000099999997
IDXX:NASDAQ,IDEXX Laboratories Inc,2019-04-29,230.67999300000002
IDXX:NASDAQ,IDEXX Laboratories Inc,2019-04-30,232.0
IDXX:NASDAQ,IDEXX Laboratories Inc,2019-05-01,234.059998
IDXX:NASDAQ,IDEXX Laboratories Inc,2019-05-02,242.33999599999999
IDXX:NASDAQ,IDEXX Laboratories Inc,2019-05-03,250.47000099999997
IDXX:NASDAQ,IDEXX Laboratories Inc,2019-05-06,251.88000499999998
IDXX:NASDAQ,IDEXX Laboratories Inc,2019-05-07,245.44999700000002
IDXX:NASDAQ,IDEXX Laboratories Inc,2019-05-08,245.789993
IDXX:NASDAQ,IDEXX Laboratories Inc,2019-05-09,246.22000099999997
IDXX:NASDAQ,IDEXX Laboratories Inc,2019-05-10,247.830002
IDXX:NASDAQ,IDEXX Laboratories Inc,2019-05-13,242.61999500000002
IDXX:NASDAQ,IDEXX Laboratories Inc,2019-05-14,246.17999300000002
IDXX:NASDAQ,IDEXX Laboratories Inc,2019-05-15,249.55000299999998
IDXX:NASDAQ,IDEXX Laboratories Inc,2019-05-16,251.97000099999997
IDXX:NASDAQ,IDEXX Laboratories Inc,2019-05-17,249.559998
IDXX:NASDAQ,IDEXX Laboratories Inc,2019-05-20,248.539993
IDXX:NASDAQ,IDEXX Laboratories Inc,2019-05-21,249.330002
IDXX:NASDAQ,IDEXX Laboratories Inc,2019-05-22,250.38000499999998
IDXX:NASDAQ,IDEXX Laboratories Inc,2019-05-23,253.57000699999998
IDXX:NASDAQ,IDEXX Laboratories Inc,2019-05-24,256.109985
IDXX:NASDAQ,IDEXX Laboratories Inc,2019-05-28,246.850006
IDXX:NASDAQ,IDEXX Laboratories Inc,2019-05-29,247.44999700000002
IDXX:NASDAQ,IDEXX Laboratories Inc,2019-05-30,249.69999700000002
IDXX:NASDAQ,IDEXX Laboratories Inc,2019-05-31,249.770004
IDXX:NASDAQ,IDEXX Laboratories Inc,2019-06-03,245.58999599999999
IDXX:NASDAQ,IDEXX Laboratories Inc,2019-06-04,252.88000499999998
IDXX:NASDAQ,IDEXX Laboratories Inc,2019-06-05,256.600006
IDXX:NASDAQ,IDEXX Laboratories Inc,2019-06-06,259.679993
IDXX:NASDAQ,IDEXX Laboratories Inc,2019-06-07,264.920013
IDXX:NASDAQ,IDEXX Laboratories Inc,2019-06-10,268.47000099999997
IDXX:NASDAQ,IDEXX Laboratories Inc,2019-06-11,263.929993
IDXX:NASDAQ,IDEXX Laboratories Inc,2019-06-12,265.049988
IDXX:NASDAQ,IDEXX Laboratories Inc,2019-06-13,267.160004
IDXX:NASDAQ,IDEXX Laboratories Inc,2019-06-14,267.73999
IDXX:NASDAQ,IDEXX Laboratories Inc,2019-06-17,268.25
IDXX:NASDAQ,IDEXX Laboratories Inc,2019-06-18,269.72000099999997
IDXX:NASDAQ,IDEXX Laboratories Inc,2019-06-19,274.27999900000003
IDXX:NASDAQ,IDEXX Laboratories Inc,2019-06-20,272.880005
IDXX:NASDAQ,IDEXX Laboratories Inc,2019-06-21,273.929993
IDXX:NASDAQ,IDEXX Laboratories Inc,2019-06-24,275.01001
IDXX:NASDAQ,IDEXX Laboratories Inc,2019-06-25,271.309998
IDXX:NASDAQ,IDEXX Laboratories Inc,2019-06-26,269.890015
IDXX:NASDAQ,IDEXX Laboratories Inc,2019-06-27,272.049988
IDXX:NASDAQ,IDEXX Laboratories Inc,2019-06-28,275.329987
IDXX:NASDAQ,IDEXX Laboratories Inc,2019-07-01,280.160004
IDXX:NASDAQ,IDEXX Laboratories Inc,2019-07-02,277.01001
IDXX:NASDAQ,IDEXX Laboratories Inc,2019-07-03,278.869995
IDXX:NASDAQ,IDEXX Laboratories Inc,2019-07-05,278.48999
IDXX:NASDAQ,IDEXX Laboratories Inc,2019-07-08,276.75
IDXX:NASDAQ,IDEXX Laboratories Inc,2019-07-09,279.549988
IDXX:NASDAQ,IDEXX Laboratories Inc,2019-07-10,282.52999900000003
IDXX:NASDAQ,IDEXX Laboratories Inc,2019-07-11,285.459991
IDXX:NASDAQ,IDEXX Laboratories Inc,2019-07-12,284.23999
IDXX:NASDAQ,IDEXX Laboratories Inc,2019-07-15,284.079987
IDXX:NASDAQ,IDEXX Laboratories Inc,2019-07-16,283.660004
IDXX:NASDAQ,IDEXX Laboratories Inc,2019-07-17,284.730011
IDXX:NASDAQ,IDEXX Laboratories Inc,2019-07-18,289.850006
IDXX:NASDAQ,IDEXX Laboratories Inc,2019-07-19,284.690002
IDXX:NASDAQ,IDEXX Laboratories Inc,2019-07-22,287.070007
IDXX:NASDAQ,IDEXX Laboratories Inc,2019-07-23,286.820007
IDXX:NASDAQ,IDEXX Laboratories Inc,2019-07-24,285.399994
IDXX:NASDAQ,IDEXX Laboratories Inc,2019-07-25,283.559998
IDXX:NASDAQ,IDEXX Laboratories Inc,2019-07-26,283.940002
IDXX:NASDAQ,IDEXX Laboratories Inc,2019-07-29,284.910004
IDXX:NASDAQ,IDEXX Laboratories Inc,2019-07-30,286.049988
IDXX:NASDAQ,IDEXX Laboratories Inc,2019-07-31,282.049988
IDXX:NASDAQ,IDEXX Laboratories Inc,2019-08-01,268.299988
IDXX:NASDAQ,IDEXX Laboratories Inc,2019-08-02,268.709991
IDXX:NASDAQ,IDEXX Laboratories Inc,2019-08-05,260.070007
IDXX:NASDAQ,IDEXX Laboratories Inc,2019-08-06,270.380005
IDXX:NASDAQ,IDEXX Laboratories Inc,2019-08-07,267.869995
IDXX:NASDAQ,IDEXX Laboratories Inc,2019-08-08,275.570007
IDXX:NASDAQ,IDEXX Laboratories Inc,2019-08-09,278.859985
IDXX:NASDAQ,IDEXX Laboratories Inc,2019-08-12,275.77999900000003
IDXX:NASDAQ,IDEXX Laboratories Inc,2019-08-13,280.910004
IDXX:NASDAQ,IDEXX Laboratories Inc,2019-08-14,269.809998
IDXX:NASDAQ,IDEXX Laboratories Inc,2019-08-15,273.070007
IDXX:NASDAQ,IDEXX Laboratories Inc,2019-08-16,275.410004
IDXX:NASDAQ,IDEXX Laboratories Inc,2019-08-19,279.52999900000003
IDXX:NASDAQ,IDEXX Laboratories Inc,2019-08-20,281.410004
IDXX:NASDAQ,IDEXX Laboratories Inc,2019-08-21,280.959991
IDXX:NASDAQ,IDEXX Laboratories Inc,2019-08-22,279.880005
IDXX:NASDAQ,IDEXX Laboratories Inc,2019-08-23,270.440002
IDXX:NASDAQ,IDEXX Laboratories Inc,2019-08-26,277.130005
IDXX:NASDAQ,IDEXX Laboratories Inc,2019-08-27,284.769989
IDXX:NASDAQ,IDEXX Laboratories Inc,2019-08-28,285.559998
IDXX:NASDAQ,IDEXX Laboratories Inc,2019-08-29,289.290009
IDXX:NASDAQ,IDEXX Laboratories Inc,2019-08-30,289.73999
IDXX:NASDAQ,IDEXX Laboratories Inc,2019-09-03,286.079987
IDXX:NASDAQ,IDEXX Laboratories Inc,2019-09-04,288.899994
IDXX:NASDAQ,IDEXX Laboratories Inc,2019-09-05,289.929993
IDXX:NASDAQ,IDEXX Laboratories Inc,2019-09-06,288.47000099999997
IDXX:NASDAQ,IDEXX Laboratories Inc,2019-09-09,267.200012
IDXX:NASDAQ,IDEXX Laboratories Inc,2019-09-10,267.630005
IDXX:NASDAQ,IDEXX Laboratories Inc,2019-09-11,270.98999
IDXX:NASDAQ,IDEXX Laboratories Inc,2019-09-12,271.049988
IDXX:NASDAQ,IDEXX Laboratories Inc,2019-09-13,265.47000099999997
IDXX:NASDAQ,IDEXX Laboratories Inc,2019-09-16,265.640015
IDXX:NASDAQ,IDEXX Laboratories Inc,2019-09-17,271.859985
IDXX:NASDAQ,IDEXX Laboratories Inc,2019-09-18,272.730011
IDXX:NASDAQ,IDEXX Laboratories Inc,2019-09-19,273.790009
IDXX:NASDAQ,IDEXX Laboratories Inc,2019-09-20,274.170013
IDXX:NASDAQ,IDEXX Laboratories Inc,2019-09-23,275.790009
IDXX:NASDAQ,IDEXX Laboratories Inc,2019-09-24,272.130005
IDXX:NASDAQ,IDEXX Laboratories Inc,2019-09-25,274.799988
IDXX:NASDAQ,IDEXX Laboratories Inc,2019-09-26,275.059998
IDXX:NASDAQ,IDEXX Laboratories Inc,2019-09-27,272.480011
IDXX:NASDAQ,IDEXX Laboratories Inc,2019-09-30,271.929993
IDXX:NASDAQ,IDEXX Laboratories Inc,2019-10-01,268.980011
IDXX:NASDAQ,IDEXX Laboratories Inc,2019-10-02,268.709991
IDXX:NASDAQ,IDEXX Laboratories Inc,2019-10-03,270.02999900000003
IDXX:NASDAQ,IDEXX Laboratories Inc,2019-10-04,276.600006
IDXX:NASDAQ,IDEXX Laboratories Inc,2019-10-07,272.049988
IDXX:NASDAQ,IDEXX Laboratories Inc,2019-10-08,267.72000099999997
IDXX:NASDAQ,IDEXX Laboratories Inc,2019-10-09,271.910004
IDXX:NASDAQ,IDEXX Laboratories Inc,2019-10-10,272.23999
IDXX:NASDAQ,IDEXX Laboratories Inc,2019-10-11,276.799988
IDXX:NASDAQ,IDEXX Laboratories Inc,2019-10-14,275.679993
IDXX:NASDAQ,IDEXX Laboratories Inc,2019-10-15,282.26001
IDXX:NASDAQ,IDEXX Laboratories Inc,2019-10-16,279.570007
IDXX:NASDAQ,IDEXX Laboratories Inc,2019-10-17,282.130005
IDXX:NASDAQ,IDEXX Laboratories Inc,2019-10-18,282.829987
IDXX:NASDAQ,IDEXX Laboratories Inc,2019-10-21,278.880005
IDXX:NASDAQ,IDEXX Laboratories Inc,2019-10-22,270.839996
IDXX:NASDAQ,IDEXX Laboratories Inc,2019-10-23,267.929993
IDXX:NASDAQ,IDEXX Laboratories Inc,2019-10-24,268.329987
IDXX:NASDAQ,IDEXX Laboratories Inc,2019-10-25,268.290009
IDXX:NASDAQ,IDEXX Laboratories Inc,2019-10-28,266.420013
IDXX:NASDAQ,IDEXX Laboratories Inc,2019-10-29,270.869995
IDXX:NASDAQ,IDEXX Laboratories Inc,2019-10-30,273.850006
IDXX:NASDAQ,IDEXX Laboratories Inc,2019-10-31,285.01001
IDXX:NASDAQ,IDEXX Laboratories Inc,2019-11-01,276.869995
IDXX:NASDAQ,IDEXX Laboratories Inc,2019-11-04,278.660004
IDXX:NASDAQ,IDEXX Laboratories Inc,2019-11-05,264.149994
IDXX:NASDAQ,IDEXX Laboratories Inc,2019-11-06,261.450012
IDXX:NASDAQ,IDEXX Laboratories Inc,2019-11-07,263.140015
IDXX:NASDAQ,IDEXX Laboratories Inc,2019-11-08,254.74000499999997
IDXX:NASDAQ,IDEXX Laboratories Inc,2019-11-11,252.67999300000002
IDXX:NASDAQ,IDEXX Laboratories Inc,2019-11-12,257.51001
IDXX:NASDAQ,IDEXX Laboratories Inc,2019-11-13,259.309998
IDXX:NASDAQ,IDEXX Laboratories Inc,2019-11-14,257.359985
IDXX:NASDAQ,IDEXX Laboratories Inc,2019-11-15,259.77999900000003
IDXX:NASDAQ,IDEXX Laboratories Inc,2019-11-18,260.52999900000003
IDXX:NASDAQ,IDEXX Laboratories Inc,2019-11-19,264.600006
IDXX:NASDAQ,IDEXX Laboratories Inc,2019-11-20,260.5
IDXX:NASDAQ,IDEXX Laboratories Inc,2019-11-21,260.690002
IDXX:NASDAQ,IDEXX Laboratories Inc,2019-11-22,257.019989
IDXX:NASDAQ,IDEXX Laboratories Inc,2019-11-25,251.86999500000002
IDXX:NASDAQ,IDEXX Laboratories Inc,2019-11-26,252.850006
IDXX:NASDAQ,IDEXX Laboratories Inc,2019-11-27,250.69999700000002
IDXX:NASDAQ,IDEXX Laboratories Inc,2019-11-29,251.580002
IDXX:NASDAQ,IDEXX Laboratories Inc,2019-12-02,251.30000299999998
IDXX:NASDAQ,IDEXX Laboratories Inc,2019-12-03,248.66000400000001
IDXX:NASDAQ,IDEXX Laboratories Inc,2019-12-04,251.86000099999998
IDXX:NASDAQ,IDEXX Laboratories Inc,2019-12-05,251.86000099999998
IDXX:NASDAQ,IDEXX Laboratories Inc,2019-12-06,251.36999500000002
IDXX:NASDAQ,IDEXX Laboratories Inc,2019-12-09,249.020004
IDXX:NASDAQ,IDEXX Laboratories Inc,2019-12-10,252.83999599999999
IDXX:NASDAQ,IDEXX Laboratories Inc,2019-12-11,250.44999700000002
IDXX:NASDAQ,IDEXX Laboratories Inc,2019-12-12,251.88000499999998
IDXX:NASDAQ,IDEXX Laboratories Inc,2019-12-13,252.899994
IDXX:NASDAQ,IDEXX Laboratories Inc,2019-12-16,255.47000099999997
IDXX:NASDAQ,IDEXX Laboratories Inc,2019-12-17,257.170013
IDXX:NASDAQ,IDEXX Laboratories Inc,2019-12-18,253.08999599999999
IDXX:NASDAQ,IDEXX Laboratories Inc,2019-12-19,256.190002
IDXX:NASDAQ,IDEXX Laboratories Inc,2019-12-20,261.549988
IDXX:NASDAQ,IDEXX Laboratories Inc,2019-12-23,263.980011
IDXX:NASDAQ,IDEXX Laboratories Inc,2019-12-24,263.26001
IDXX:NASDAQ,IDEXX Laboratories Inc,2019-12-26,261.429993
IDXX:NASDAQ,IDEXX Laboratories Inc,2019-12-27,263.980011
IDXX:NASDAQ,IDEXX Laboratories Inc,2019-12-30,261.600006
IDXX:NASDAQ,IDEXX Laboratories Inc,2019-12-31,261.130005
IDXX:NASDAQ,IDEXX Laboratories Inc,2020-01-02,265.019989
IDXX:NASDAQ,IDEXX Laboratories Inc,2020-01-03,264.769989
IDXX:NASDAQ,IDEXX Laboratories Inc,2020-01-06,266.929993
IDXX:NASDAQ,IDEXX Laboratories Inc,2020-01-07,266.119995
IDXX:NASDAQ,IDEXX Laboratories Inc,2020-01-08,271.679993
IDXX:NASDAQ,IDEXX Laboratories Inc,2020-01-09,277.940002
IDXX:NASDAQ,IDEXX Laboratories Inc,2020-01-10,281.640015
IDXX:NASDAQ,IDEXX Laboratories Inc,2020-01-13,282.290009
IDXX:NASDAQ,IDEXX Laboratories Inc,2020-01-14,284.019989
IDXX:NASDAQ,IDEXX Laboratories Inc,2020-01-15,288.48999
IDXX:NASDAQ,IDEXX Laboratories Inc,2020-01-16,289.920013
IDXX:NASDAQ,IDEXX Laboratories Inc,2020-01-17,285.799988
IDXX:NASDAQ,IDEXX Laboratories Inc,2020-01-21,284.839996
IDXX:NASDAQ,IDEXX Laboratories Inc,2020-01-22,287.619995
IDXX:NASDAQ,IDEXX Laboratories Inc,2020-01-23,285.899994
IDXX:NASDAQ,IDEXX Laboratories Inc,2020-01-24,280.769989
SBUX:NASDAQ,Starbucks Corp,2019-01-25,65.853447
SBUX:NASDAQ,Starbucks Corp,2019-01-28,65.666954
SBUX:NASDAQ,Starbucks Corp,2019-01-29,65.804375
SBUX:NASDAQ,Starbucks Corp,2019-01-30,66.893913
SBUX:NASDAQ,Starbucks Corp,2019-01-31,66.884102
SBUX:NASDAQ,Starbucks Corp,2019-02-01,66.854652
SBUX:NASDAQ,Starbucks Corp,2019-02-04,66.334419
SBUX:NASDAQ,Starbucks Corp,2019-02-05,68.06197399999999
SBUX:NASDAQ,Starbucks Corp,2019-02-06,67.933708
SBUX:NASDAQ,Starbucks Corp,2019-02-07,68.219849
SBUX:NASDAQ,Starbucks Corp,2019-02-08,68.821732
SBUX:NASDAQ,Starbucks Corp,2019-02-11,69.058533
SBUX:NASDAQ,Starbucks Corp,2019-02-12,68.821732
SBUX:NASDAQ,Starbucks Corp,2019-02-13,69.571617
SBUX:NASDAQ,Starbucks Corp,2019-02-14,69.89723199999999
SBUX:NASDAQ,Starbucks Corp,2019-02-15,69.768959
SBUX:NASDAQ,Starbucks Corp,2019-02-19,69.265739
SBUX:NASDAQ,Starbucks Corp,2019-02-20,69.45321700000001
SBUX:NASDAQ,Starbucks Corp,2019-02-21,69.759087
SBUX:NASDAQ,Starbucks Corp,2019-02-22,70.351105
SBUX:NASDAQ,Starbucks Corp,2019-02-25,70.104431
SBUX:NASDAQ,Starbucks Corp,2019-02-26,70.193237
SBUX:NASDAQ,Starbucks Corp,2019-02-27,69.216415
SBUX:NASDAQ,Starbucks Corp,2019-02-28,69.324951
SBUX:NASDAQ,Starbucks Corp,2019-03-01,69.907089
SBUX:NASDAQ,Starbucks Corp,2019-03-04,70.005753
SBUX:NASDAQ,Starbucks Corp,2019-03-05,70.62738
SBUX:NASDAQ,Starbucks Corp,2019-03-06,70.321503
SBUX:NASDAQ,Starbucks Corp,2019-03-07,69.670288
SBUX:NASDAQ,Starbucks Corp,2019-03-08,68.43692
SBUX:NASDAQ,Starbucks Corp,2019-03-11,68.75267
SBUX:NASDAQ,Starbucks Corp,2019-03-12,69.11774399999999
SBUX:NASDAQ,Starbucks Corp,2019-03-13,69.167068
SBUX:NASDAQ,Starbucks Corp,2019-03-14,69.798553
SBUX:NASDAQ,Starbucks Corp,2019-03-15,69.729477
SBUX:NASDAQ,Starbucks Corp,2019-03-18,69.89723199999999
SBUX:NASDAQ,Starbucks Corp,2019-03-19,70.430038
SBUX:NASDAQ,Starbucks Corp,2019-03-20,70.676704
SBUX:NASDAQ,Starbucks Corp,2019-03-21,71.29833199999999
SBUX:NASDAQ,Starbucks Corp,2019-03-22,71.00232700000001
SBUX:NASDAQ,Starbucks Corp,2019-03-25,71.337799
SBUX:NASDAQ,Starbucks Corp,2019-03-26,71.989006
SBUX:NASDAQ,Starbucks Corp,2019-03-27,71.77194200000001
SBUX:NASDAQ,Starbucks Corp,2019-03-28,72.975708
SBUX:NASDAQ,Starbucks Corp,2019-03-29,73.350639
SBUX:NASDAQ,Starbucks Corp,2019-04-01,72.975708
SBUX:NASDAQ,Starbucks Corp,2019-04-02,73.281578
SBUX:NASDAQ,Starbucks Corp,2019-04-03,73.340775
SBUX:NASDAQ,Starbucks Corp,2019-04-04,73.360504
SBUX:NASDAQ,Starbucks Corp,2019-04-05,74.031464
SBUX:NASDAQ,Starbucks Corp,2019-04-08,74.199203
SBUX:NASDAQ,Starbucks Corp,2019-04-09,74.12026999999999
SBUX:NASDAQ,Starbucks Corp,2019-04-10,74.475479
SBUX:NASDAQ,Starbucks Corp,2019-04-11,74.860291
SBUX:NASDAQ,Starbucks Corp,2019-04-12,75.629906
SBUX:NASDAQ,Starbucks Corp,2019-04-15,75.146431
SBUX:NASDAQ,Starbucks Corp,2019-04-16,74.692543
SBUX:NASDAQ,Starbucks Corp,2019-04-17,74.12026999999999
SBUX:NASDAQ,Starbucks Corp,2019-04-18,75.047752
SBUX:NASDAQ,Starbucks Corp,2019-04-22,74.39654499999999
SBUX:NASDAQ,Starbucks Corp,2019-04-23,74.97868299999999
SBUX:NASDAQ,Starbucks Corp,2019-04-24,75.373367
SBUX:NASDAQ,Starbucks Corp,2019-04-25,76.083786
SBUX:NASDAQ,Starbucks Corp,2019-04-26,76.41925
SBUX:NASDAQ,Starbucks Corp,2019-04-29,75.886444
SBUX:NASDAQ,Starbucks Corp,2019-04-30,76.646202
SBUX:NASDAQ,Starbucks Corp,2019-05-01,76.48831899999999
SBUX:NASDAQ,Starbucks Corp,2019-05-02,76.438988
SBUX:NASDAQ,Starbucks Corp,2019-05-03,77.011276
SBUX:NASDAQ,Starbucks Corp,2019-05-06,77.021141
SBUX:NASDAQ,Starbucks Corp,2019-05-07,76.92246999999999
SBUX:NASDAQ,Starbucks Corp,2019-05-08,77.368538
SBUX:NASDAQ,Starbucks Corp,2019-05-09,77.21985600000001
SBUX:NASDAQ,Starbucks Corp,2019-05-10,77.73530600000001
SBUX:NASDAQ,Starbucks Corp,2019-05-13,76.010498
SBUX:NASDAQ,Starbucks Corp,2019-05-14,76.38717700000001
SBUX:NASDAQ,Starbucks Corp,2019-05-15,77.081078
SBUX:NASDAQ,Starbucks Corp,2019-05-16,78.21112099999999
SBUX:NASDAQ,Starbucks Corp,2019-05-17,78.221039
SBUX:NASDAQ,Starbucks Corp,2019-05-20,75.990677
SBUX:NASDAQ,Starbucks Corp,2019-05-21,76.853081
SBUX:NASDAQ,Starbucks Corp,2019-05-22,76.575523
SBUX:NASDAQ,Starbucks Corp,2019-05-23,75.742867
SBUX:NASDAQ,Starbucks Corp,2019-05-24,75.48513
SBUX:NASDAQ,Starbucks Corp,2019-05-28,75.039055
SBUX:NASDAQ,Starbucks Corp,2019-05-29,74.62271899999999
SBUX:NASDAQ,Starbucks Corp,2019-05-30,75.504951
SBUX:NASDAQ,Starbucks Corp,2019-05-31,75.395912
SBUX:NASDAQ,Starbucks Corp,2019-06-03,75.55452
SBUX:NASDAQ,Starbucks Corp,2019-06-04,77.834435
SBUX:NASDAQ,Starbucks Corp,2019-06-05,79.261864
SBUX:NASDAQ,Starbucks Corp,2019-06-06,80.689293
SBUX:NASDAQ,Starbucks Corp,2019-06-07,81.759865
SBUX:NASDAQ,Starbucks Corp,2019-06-10,81.21466099999999
SBUX:NASDAQ,Starbucks Corp,2019-06-11,81.650826
SBUX:NASDAQ,Starbucks Corp,2019-06-12,82.205933
SBUX:NASDAQ,Starbucks Corp,2019-06-13,82.622261
SBUX:NASDAQ,Starbucks Corp,2019-06-14,83.504494
SBUX:NASDAQ,Starbucks Corp,2019-06-17,82.295151
SBUX:NASDAQ,Starbucks Corp,2019-06-18,82.196014
SBUX:NASDAQ,Starbucks Corp,2019-06-19,83.07824699999999
SBUX:NASDAQ,Starbucks Corp,2019-06-20,83.95056899999999
SBUX:NASDAQ,Starbucks Corp,2019-06-21,83.088165
SBUX:NASDAQ,Starbucks Corp,2019-06-24,82.919647
SBUX:NASDAQ,Starbucks Corp,2019-06-25,83.514412
SBUX:NASDAQ,Starbucks Corp,2019-06-26,82.652
SBUX:NASDAQ,Starbucks Corp,2019-06-27,82.83042900000001
SBUX:NASDAQ,Starbucks Corp,2019-06-28,83.098076
SBUX:NASDAQ,Starbucks Corp,2019-07-01,83.81179
SBUX:NASDAQ,Starbucks Corp,2019-07-02,84.763405
SBUX:NASDAQ,Starbucks Corp,2019-07-03,87.02350600000001
SBUX:NASDAQ,Starbucks Corp,2019-07-05,87.02350600000001
SBUX:NASDAQ,Starbucks Corp,2019-07-08,86.676559
SBUX:NASDAQ,Starbucks Corp,2019-07-09,86.468391
SBUX:NASDAQ,Starbucks Corp,2019-07-10,87.608345
SBUX:NASDAQ,Starbucks Corp,2019-07-11,88.29231999999999
SBUX:NASDAQ,Starbucks Corp,2019-07-12,88.986214
SBUX:NASDAQ,Starbucks Corp,2019-07-15,89.37281
SBUX:NASDAQ,Starbucks Corp,2019-07-16,89.293503
SBUX:NASDAQ,Starbucks Corp,2019-07-17,89.462021
SBUX:NASDAQ,Starbucks Corp,2019-07-18,90.701111
SBUX:NASDAQ,Starbucks Corp,2019-07-19,89.511589
SBUX:NASDAQ,Starbucks Corp,2019-07-22,90.126175
SBUX:NASDAQ,Starbucks Corp,2019-07-23,89.32325
SBUX:NASDAQ,Starbucks Corp,2019-07-24,89.858528
SBUX:NASDAQ,Starbucks Corp,2019-07-25,90.185654
SBUX:NASDAQ,Starbucks Corp,2019-07-26,98.244659
SBUX:NASDAQ,Starbucks Corp,2019-07-29,97.164177
SBUX:NASDAQ,Starbucks Corp,2019-07-30,95.806145
SBUX:NASDAQ,Starbucks Corp,2019-07-31,93.863258
SBUX:NASDAQ,Starbucks Corp,2019-08-01,94.547226
SBUX:NASDAQ,Starbucks Corp,2019-08-02,94.676102
SBUX:NASDAQ,Starbucks Corp,2019-08-05,92.881897
SBUX:NASDAQ,Starbucks Corp,2019-08-06,94.507576
SBUX:NASDAQ,Starbucks Corp,2019-08-07,94.746391
SBUX:NASDAQ,Starbucks Corp,2019-08-08,95.791161
SBUX:NASDAQ,Starbucks Corp,2019-08-09,95.821014
SBUX:NASDAQ,Starbucks Corp,2019-08-12,94.437935
SBUX:NASDAQ,Starbucks Corp,2019-08-13,96.14936800000001
SBUX:NASDAQ,Starbucks Corp,2019-08-14,94.44787600000001
SBUX:NASDAQ,Starbucks Corp,2019-08-15,95.05484
SBUX:NASDAQ,Starbucks Corp,2019-08-16,96.039917
SBUX:NASDAQ,Starbucks Corp,2019-08-19,96.17923
SBUX:NASDAQ,Starbucks Corp,2019-08-20,95.15434300000001
SBUX:NASDAQ,Starbucks Corp,2019-08-21,95.840912
SBUX:NASDAQ,Starbucks Corp,2019-08-22,96.010071
SBUX:NASDAQ,Starbucks Corp,2019-08-23,94.228973
SBUX:NASDAQ,Starbucks Corp,2019-08-26,96.02002
SBUX:NASDAQ,Starbucks Corp,2019-08-27,95.612053
SBUX:NASDAQ,Starbucks Corp,2019-08-28,96.587181
SBUX:NASDAQ,Starbucks Corp,2019-08-29,97.21405
SBUX:NASDAQ,Starbucks Corp,2019-08-30,96.07972
SBUX:NASDAQ,Starbucks Corp,2019-09-03,96.288673
SBUX:NASDAQ,Starbucks Corp,2019-09-04,95.631958
SBUX:NASDAQ,Starbucks Corp,2019-09-05,95.084694
SBUX:NASDAQ,Starbucks Corp,2019-09-06,95.263802
SBUX:NASDAQ,Starbucks Corp,2019-09-09,93.691666
SBUX:NASDAQ,Starbucks Corp,2019-09-10,89.900604
SBUX:NASDAQ,Starbucks Corp,2019-09-11,90.52748100000001
SBUX:NASDAQ,Starbucks Corp,2019-09-12,91.602104
SBUX:NASDAQ,Starbucks Corp,2019-09-13,90.02996800000001
SBUX:NASDAQ,Starbucks Corp,2019-09-16,88.975235
SBUX:NASDAQ,Starbucks Corp,2019-09-17,90.298622
SBUX:NASDAQ,Starbucks Corp,2019-09-18,90.507576
SBUX:NASDAQ,Starbucks Corp,2019-09-19,91.104591
SBUX:NASDAQ,Starbucks Corp,2019-09-20,89.622002
SBUX:NASDAQ,Starbucks Corp,2019-09-23,90.358322
SBUX:NASDAQ,Starbucks Corp,2019-09-24,89.472748
SBUX:NASDAQ,Starbucks Corp,2019-09-25,89.900604
SBUX:NASDAQ,Starbucks Corp,2019-09-26,89.353348
SBUX:NASDAQ,Starbucks Corp,2019-09-27,87.930458
SBUX:NASDAQ,Starbucks Corp,2019-09-30,87.980209
SBUX:NASDAQ,Starbucks Corp,2019-10-01,86.079712
SBUX:NASDAQ,Starbucks Corp,2019-10-02,83.900604
SBUX:NASDAQ,Starbucks Corp,2019-10-03,84.248856
SBUX:NASDAQ,Starbucks Corp,2019-10-04,85.492645
SBUX:NASDAQ,Starbucks Corp,2019-10-07,85.422989
SBUX:NASDAQ,Starbucks Corp,2019-10-08,84.48767099999999
SBUX:NASDAQ,Starbucks Corp,2019-10-09,85.422989
SBUX:NASDAQ,Starbucks Corp,2019-10-10,85.53244000000001
SBUX:NASDAQ,Starbucks Corp,2019-10-11,85.930458
SBUX:NASDAQ,Starbucks Corp,2019-10-14,86.189163
SBUX:NASDAQ,Starbucks Corp,2019-10-15,86.020004
SBUX:NASDAQ,Starbucks Corp,2019-10-16,86.27870899999999
SBUX:NASDAQ,Starbucks Corp,2019-10-17,85.860802
SBUX:NASDAQ,Starbucks Corp,2019-10-18,85.602097
SBUX:NASDAQ,Starbucks Corp,2019-10-21,84.925476
SBUX:NASDAQ,Starbucks Corp,2019-10-22,83.044876
SBUX:NASDAQ,Starbucks Corp,2019-10-23,82.328461
SBUX:NASDAQ,Starbucks Corp,2019-10-24,82.766273
SBUX:NASDAQ,Starbucks Corp,2019-10-25,82.965271
SBUX:NASDAQ,Starbucks Corp,2019-10-28,83.18418100000001
SBUX:NASDAQ,Starbucks Corp,2019-10-29,83.71154
SBUX:NASDAQ,Starbucks Corp,2019-10-30,83.771248
SBUX:NASDAQ,Starbucks Corp,2019-10-31,84.139404
SBUX:NASDAQ,Starbucks Corp,2019-11-01,82.79612
SBUX:NASDAQ,Starbucks Corp,2019-11-04,81.96030400000001
SBUX:NASDAQ,Starbucks Corp,2019-11-05,81.48268900000001
SBUX:NASDAQ,Starbucks Corp,2019-11-06,82.577217
SBUX:NASDAQ,Starbucks Corp,2019-11-07,81.542389
SBUX:NASDAQ,Starbucks Corp,2019-11-08,81.363281
SBUX:NASDAQ,Starbucks Corp,2019-11-11,82.020004
SBUX:NASDAQ,Starbucks Corp,2019-11-12,83.32
SBUX:NASDAQ,Starbucks Corp,2019-11-13,83.940002
SBUX:NASDAQ,Starbucks Corp,2019-11-14,84.379997
SBUX:NASDAQ,Starbucks Corp,2019-11-15,84.209999
SBUX:NASDAQ,Starbucks Corp,2019-11-18,84.019997
SBUX:NASDAQ,Starbucks Corp,2019-11-19,83.660004
SBUX:NASDAQ,Starbucks Corp,2019-11-20,83.599998
SBUX:NASDAQ,Starbucks Corp,2019-11-21,82.300003
SBUX:NASDAQ,Starbucks Corp,2019-11-22,83.019997
SBUX:NASDAQ,Starbucks Corp,2019-11-25,83.75
SBUX:NASDAQ,Starbucks Corp,2019-11-26,84.559998
SBUX:NASDAQ,Starbucks Corp,2019-11-27,85.769997
SBUX:NASDAQ,Starbucks Corp,2019-11-29,85.43
SBUX:NASDAQ,Starbucks Corp,2019-12-02,84.57
SBUX:NASDAQ,Starbucks Corp,2019-12-03,84.82
SBUX:NASDAQ,Starbucks Corp,2019-12-04,85.400002
SBUX:NASDAQ,Starbucks Corp,2019-12-05,84.449997
SBUX:NASDAQ,Starbucks Corp,2019-12-06,86.32
SBUX:NASDAQ,Starbucks Corp,2019-12-09,86.279999
SBUX:NASDAQ,Starbucks Corp,2019-12-10,86.040001
SBUX:NASDAQ,Starbucks Corp,2019-12-11,86.589996
SBUX:NASDAQ,Starbucks Corp,2019-12-12,88.209999
SBUX:NASDAQ,Starbucks Corp,2019-12-13,88.66999799999999
SBUX:NASDAQ,Starbucks Corp,2019-12-16,88.779999
SBUX:NASDAQ,Starbucks Corp,2019-12-17,88.129997
SBUX:NASDAQ,Starbucks Corp,2019-12-18,87.989998
SBUX:NASDAQ,Starbucks Corp,2019-12-19,88.519997
SBUX:NASDAQ,Starbucks Corp,2019-12-20,88.459999
SBUX:NASDAQ,Starbucks Corp,2019-12-23,88.230003
SBUX:NASDAQ,Starbucks Corp,2019-12-24,88.519997
SBUX:NASDAQ,Starbucks Corp,2019-12-26,88.08000200000001
SBUX:NASDAQ,Starbucks Corp,2019-12-27,88.129997
SBUX:NASDAQ,Starbucks Corp,2019-12-30,87.440002
SBUX:NASDAQ,Starbucks Corp,2019-12-31,87.91999799999999
SBUX:NASDAQ,Starbucks Corp,2020-01-02,89.349998
SBUX:NASDAQ,Starbucks Corp,2020-01-03,88.83000200000001
SBUX:NASDAQ,Starbucks Corp,2020-01-06,88.129997
SBUX:NASDAQ,Starbucks Corp,2020-01-07,87.860001
SBUX:NASDAQ,Starbucks Corp,2020-01-08,88.879997
SBUX:NASDAQ,Starbucks Corp,2020-01-09,90.529999
SBUX:NASDAQ,Starbucks Corp,2020-01-10,90.160004
SBUX:NASDAQ,Starbucks Corp,2020-01-13,91.08000200000001
SBUX:NASDAQ,Starbucks Corp,2020-01-14,90.989998
SBUX:NASDAQ,Starbucks Corp,2020-01-15,91.540001
SBUX:NASDAQ,Starbucks Corp,2020-01-16,92.58000200000001
SBUX:NASDAQ,Starbucks Corp,2020-01-17,93.620003
SBUX:NASDAQ,Starbucks Corp,2020-01-21,92.529999
SBUX:NASDAQ,Starbucks Corp,2020-01-22,92.529999
SBUX:NASDAQ,Starbucks Corp,2020-01-23,93.75
SBUX:NASDAQ,Starbucks Corp,2020-01-24,92.029999
